first_name,second_name,team,element_type,price,total_points,goals_scored,assists,clean_sheets,minutes,form,ict_index,goals_conceded,saves,bonus,selected_by_percent,points_per_game,expected_goals,expected_assists,predicted_points
Erling,Haaland,13,4,14.7,239,27,8,13,2953,5.4,302.3,32,0,43,62.5,6.8,25.5,2.67,238.9887
Bruno,Borges Fernandes,14,3,10.4,235,9,24,7,3065,7.8,381.4,46,0,41,48.0,6.7,10.79,12.28,234.99687
Gabriel,dos Santos Magalhães,1,2,7.3,209,3,5,18,2750,6.0,125.0,20,0,30,45.4,6.5,2.94,1.75,209.00299
Antoine,Semenyo,13,3,8.0,202,17,6,12,3200,4.2,257.7,52,0,18,46.2,5.5,11.1,3.12,199.16289
João Pedro,Junqueira de Jesus,7,4,7.4,177,15,9,10,2658,2.8,212.1,36,0,30,34.8,5.1,14.91,1.96,198.70897
Morgan,Gibbs-White,16,3,7.6,188,15,4,10,3101,5.0,242.5,45,0,18,9.2,5.1,10.81,2.91,188.00282
Marc,Guéhi,13,2,5.1,179,3,5,14,3150,4.2,160.9,35,0,14,32.6,5.1,4.05,2.37,187.74847
Jarrod,Bowen,19,4,7.8,187,9,13,8,3406,4.5,238.9,63,0,28,17.5,4.9,7.22,5.21,187.00153
Declan,Rice,1,3,7.2,184,4,9,18,3093,3.2,215.4,25,0,23,23.3,5.1,3.15,7.32,184.01094
Elliot,Anderson,16,3,5.7,180,4,5,10,3332,6.8,219.0,50,0,16,9.4,4.7,2.94,4.79,179.97887
Marcos,Senesi Barón,4,2,5.2,175,0,6,11,3288,7.0,168.6,53,0,14,22.0,4.7,1.53,4.72,175.00201
Virgil,van Dijk,12,2,6.1,175,6,1,10,3420,4.8,187.6,53,0,10,31.5,4.6,3.77,1.44,174.99886
Igor Thiago,Nascimento Rodrigues,5,4,7.2,181,22,1,10,3282,3.0,256.9,50,0,22,30.2,4.8,20.6,1.83,170.97305
James,Tarkowski,9,2,5.8,170,2,3,11,3330,5.2,165.7,48,0,12,12.6,4.6,2.53,2.1,169.99135
Morgan,Rogers,2,3,7.3,169,10,8,9,3280,3.8,232.0,48,0,17,20.2,4.6,6.84,4.32,168.99379
Harry,Wilson,10,3,5.8,168,10,9,9,2674,2.2,196.9,38,0,21,17.4,4.7,5.88,4.77,167.99638
Dominik,Szoboszlai,12,3,7.1,160,6,7,9,3232,6.5,260.9,52,0,21,15.1,4.4,4.76,6.83,166.90935
David,Raya Martín,1,1,6.2,162,0,0,19,3330,5.2,57.5,26,60,11,36.4,4.4,0.0,0.07,161.99426
Dominic,Calvert-Lewin,11,4,5.8,142,14,2,8,2721,5.5,194.7,34,0,20,13.7,4.1,15.57,1.06,160.79698
Ollie,Watkins,2,4,8.7,167,16,4,9,2833,9.5,225.2,38,0,26,13.0,4.5,15.4,1.18,160.65277
Nico,O'Reilly,13,2,5.3,160,5,4,14,2643,1.6,164.1,25,0,10,19.2,4.7,6.12,2.67,160.00476
James,Garner,9,3,5.2,159,2,7,11,3413,2.8,208.4,50,0,13,3.6,4.2,2.1,6.18,158.99724
Carlos Henrique,Casimiro,14,3,5.8,165,9,4,9,2575,1.2,202.8,32,0,20,3.8,4.9,5.44,3.17,157.0764
Enzo,Fernández,7,3,6.5,157,10,5,8,3114,6.0,264.6,46,0,19,12.3,4.4,11.26,7.26,157.01161
Bukayo,Saka,1,3,10.0,157,7,10,12,2218,5.8,230.6,16,0,18,11.6,5.1,7.57,7.16,156.99864
William,Saliba,1,2,6.3,137,1,0,15,2614,4.8,84.3,20,0,12,17.1,4.4,0.88,1.21,156.47717
Adrien,Truffert,4,2,4.8,165,1,6,11,3378,6.5,162.6,51,0,19,5.3,4.3,1.35,3.07,156.03603
Enzo,Le Fée,17,3,4.8,147,5,6,10,2930,6.2,186.9,43,0,16,1.6,4.1,5.22,5.95,155.11302
Maxence,Lacroix,8,2,5.2,154,1,2,11,3085,1.6,124.3,47,0,11,7.1,4.4,2.45,0.83,154.01538
Bruno,Guimarães Rodriguez Moura,15,3,6.9,154,9,7,6,2456,4.2,202.9,37,0,22,6.5,5.3,5.59,4.96,153.9988
Matheus,Nunes,13,2,5.3,154,1,8,12,2861,1.8,137.6,28,0,16,2.9,4.5,0.34,2.23,153.99582
Kiernan,Dewsbury-Hall,9,3,5.3,151,8,7,8,2629,2.8,166.0,39,0,18,7.9,4.9,4.35,5.34,151.01753
Nordi,Mukiele,17,2,4.6,151,3,5,9,2784,5.8,132.9,40,0,11,8.7,4.7,1.62,2.65,150.98953
Jan Paul,van Hecke,6,2,4.7,148,3,3,10,3210,2.8,152.0,44,0,8,10.7,4.1,3.31,1.57,148.04526
Bryan,Mbeumo,14,3,8.3,148,11,3,8,2611,4.8,231.4,37,0,16,15.0,4.5,11.98,4.99,147.99596
Ryan,Gravenberch,12,3,5.4,144,5,5,9,2991,4.0,140.1,42,0,17,3.7,4.0,1.89,2.26,144.01398
Matheus,Santos Carneiro da Cunha,14,3,8.1,143,10,4,8,2493,4.5,202.5,35,0,14,8.7,4.3,6.9,3.36,142.99788
Caoimhín,Kelleher,5,1,4.8,143,0,0,10,3330,4.8,93.8,49,109,11,12.0,3.9,0.0,0.22,142.99146
Jurriën,Timber,1,2,6.0,149,3,6,13,2452,0.0,125.7,20,0,9,15.2,5.0,4.71,1.53,141.18617
Anton,Stach,11,3,4.8,137,5,6,7,2369,3.8,188.8,36,0,14,1.7,4.7,2.88,4.47,137.00676
Marcus,Tavernier,4,3,5.3,137,7,4,11,2732,4.2,207.9,44,0,14,4.2,4.0,9.06,4.6,136.99763
Trevoh,Chalobah,7,2,5.4,136,3,1,9,2780,0.8,99.1,40,0,7,8.8,4.0,1.44,1.03,136.01558
Robin,Roefs,17,1,4.8,136,0,0,10,3150,3.5,93.1,46,109,12,8.0,3.9,0.0,0.1,136.0144
Daniel,Muñoz Mejía,8,2,5.9,136,4,4,10,2400,2.0,139.5,33,0,9,9.2,4.7,2.45,3.94,135.99055
Dango,Ouattara,5,3,5.6,136,7,8,6,2271,6.0,162.8,35,0,16,1.6,4.2,7.94,4.12,135.97128
Alex,Scott,4,3,4.9,136,3,2,11,2848,2.8,139.0,41,0,9,2.1,3.7,3.8,2.94,135.9198
Viktor,Gyökeres,1,4,9.1,128,14,1,12,2217,5.0,157.5,14,0,16,16.4,3.6,12.26,1.94,135.25278
Jordan,Pickford,9,1,5.6,135,0,0,11,3420,1.8,90.8,50,100,11,13.0,3.6,0.0,0.2,135.0013
Rayan,Cherki,13,3,6.5,135,4,13,8,1772,2.4,218.1,18,0,16,17.4,4.1,4.28,8.87,134.99756
Gianluigi,Donnarumma,13,1,5.6,135,0,0,15,3060,3.2,68.0,29,78,5,9.3,4.0,0.0,0.13,134.98813
Tyrick,Mitchell,8,2,5.0,135,1,3,12,3253,1.8,136.0,47,0,8,2.3,3.6,1.59,2.53,134.96951
Ethan,Ampadu,11,3,4.9,134,1,4,8,3119,4.2,114.7,49,0,11,0.6,3.8,2.47,2.2,133.99704
Iliman,Ndiaye,9,3,6.3,128,6,3,8,2781,2.0,166.5,44,0,7,4.7,4.0,6.68,4.41,133.98154
Martín,Zubimendi Ibáñez,1,3,4.9,133,5,1,16,2991,1.2,126.2,25,0,9,2.7,3.5,2.84,2.27,132.99269
Mateus Gonçalo,Espanha Fernandes,19,3,5.5,135,3,4,8,3017,4.8,146.3,50,0,7,0.6,3.8,1.99,2.96,131.5056
Pedro,Lomba Neto,7,3,7.0,125,5,7,11,2629,2.8,186.7,33,0,9,3.9,3.7,4.59,6.84,131.01021
Dean,Henderson,8,1,5.1,131,0,0,11,3330,1.4,84.7,51,106,7,9.0,3.5,0.0,0.11,131.00171
Cody,Gakpo,12,3,7.3,131,7,5,10,2736,3.0,208.4,39,0,5,5.6,3.6,8.35,4.67,130.96815
Michael,Keane,9,2,4.5,131,3,1,7,2588,2.8,111.7,42,0,8,3.1,4.0,2.3,0.49,130.93161
Bart,Verbruggen,6,1,4.6,130,0,0,10,3420,3.0,94.7,46,106,6,9.3,3.4,0.0,0.06,129.97308
Ibrahima,Konaté,12,2,5.4,129,1,0,10,3090,1.0,106.1,45,0,8,3.8,3.6,1.19,0.98,129.31757
Nathan,Collins,5,2,4.9,129,1,2,9,2971,3.2,131.9,44,0,7,2.4,3.7,2.24,1.71,128.98381
Chris,Richards,8,2,4.4,128,1,0,11,2825,1.0,107.6,42,0,5,2.2,3.9,2.42,1.56,128.01094
Neco,Williams,16,2,4.8,128,2,3,9,3203,1.5,175.6,48,0,15,4.2,3.5,2.01,3.97,127.989914
João Maria,Lobo Alves Palhares Costa Palhinha Gonçalves,18,3,5.5,126,5,3,5,2192,5.2,108.3,37,0,17,0.9,3.8,2.72,0.65,126.00623
Danny,Welbeck,6,4,6.3,126,13,1,10,2249,2.5,168.2,28,0,18,8.4,3.4,12.36,1.4,126.00376
Malick,Thiaw,15,2,4.9,126,4,0,5,2963,1.8,138.9,52,0,12,4.7,3.6,4.8,0.96,125.993164
Brenden,Aaronson,11,3,5.4,126,4,8,9,2449,1.2,146.7,32,0,5,0.8,3.4,4.53,3.6,125.98315
Omar,Alderete,17,2,4.1,125,1,1,10,2797,3.2,117.0,40,0,5,4.9,3.8,1.62,0.91,125.01878
Kevin,Schade,5,3,6.8,125,8,5,11,2744,3.2,172.8,34,0,5,1.3,3.6,12.08,2.05,125.00909
Florian,Wirtz,12,3,8.3,125,5,4,10,2374,1.0,210.0,32,0,17,8.5,3.8,6.83,5.14,125.005035
Hugo,Ekitiké,12,4,9.0,125,11,4,7,1797,0.0,156.2,25,0,22,15.7,4.5,10.1,2.45,124.99325
Đorđe,Petrović,4,1,4.6,124,0,0,11,3420,4.5,82.4,54,109,5,5.2,3.3,0.0,0.0,124.00426
Granit,Xhaka,17,3,5.1,124,1,6,9,2901,4.2,138.1,39,0,8,3.2,3.6,1.01,3.73,123.99584
Joachim,Andersen,10,2,4.4,123,0,1,8,2882,0.2,107.0,45,0,8,2.8,3.7,1.43,1.83,123.00104
Mohamed,Salah,12,3,14.0,123,7,7,7,2144,1.8,207.1,35,0,11,15.2,4.6,8.23,5.44,122.99961
Konstantinos,Mavropanos,19,2,4.5,122,3,0,6,2532,3.5,113.8,44,0,5,2.6,3.9,2.47,0.7,122.03123
Bernd,Leno,10,1,5.0,122,0,0,9,3420,3.5,81.5,51,98,8,2.3,3.2,0.0,0.02,121.996506
Jérémy,Doku,13,3,6.5,120,5,8,8,1773,6.0,202.5,18,0,15,6.6,4.0,2.87,5.86,119.987854
Emiliano,Martínez Romero,2,1,5.0,120,0,1,7,2835,2.5,79.2,39,95,11,4.4,3.8,0.0,0.08,119.97702
Leandro,Trossard,1,3,6.6,119,6,6,11,1997,4.5,158.3,15,0,11,1.8,3.8,5.6,3.59,119.00629
Ferdi,Kadıoğlu,6,2,4.5,118,1,2,10,3130,2.5,123.7,41,0,7,1.4,3.2,2.06,3.31,117.98651
Phil,Foden,13,3,8.0,131,7,5,11,2078,3.4,201.9,19,0,13,7.8,4.0,6.03,4.76,117.95723
Yankuba,Minteh,6,3,5.5,117,3,8,11,2389,3.8,180.3,33,0,9,2.5,3.4,3.81,5.06,117.030624
Ismaïla,Sarr,8,3,6.4,117,9,2,9,2173,3.4,135.1,29,0,9,5.6,4.2,10.93,1.17,117.024765
Matty,Cash,2,2,4.6,117,3,3,8,3016,1.8,137.5,38,0,7,7.4,3.3,1.14,2.94,117.00427
Pedro,Porro Sauceda,18,2,5.2,117,1,3,9,2793,3.8,177.5,40,0,8,11.7,3.4,1.05,4.37,116.994095
Daniel,Ballard,17,2,4.6,116,2,2,6,2144,-0.5,121.5,35,0,9,2.4,4.0,2.46,0.63,115.98864
Richarlison,de Andrade,18,4,6.5,119,11,4,7,1954,5.0,165.2,27,0,17,8.7,3.7,8.64,1.46,115.959335
Jean-Philippe,Mateta,8,4,7.6,114,12,0,8,2210,2.8,150.8,29,0,13,8.1,3.6,14.42,1.32,115.92308
Francisco Evanilson,de Lima Barbosa,4,4,6.6,115,6,7,11,2741,2.5,155.5,40,0,6,2.4,3.2,10.64,1.48,115.006195
Reece,James,7,2,5.6,115,2,6,8,1957,0.5,106.1,20,0,11,6.0,4.0,1.04,3.2,114.98607
Keane,Lewis-Potter,5,2,4.8,115,3,4,9,1960,4.5,106.4,32,0,5,1.5,3.2,3.01,2.51,114.93724
Nikola,Milenković,16,2,5.1,119,0,1,9,3375,2.0,86.9,51,0,2,3.3,3.1,0.83,0.68,114.39208
Igor Jesus,Maciel da Cruz,16,4,5.9,114,6,6,9,2293,2.5,136.4,37,0,13,2.4,3.1,6.48,1.26,114.00193
Cole,Palmer,7,3,10.3,114,10,2,3,1954,3.0,147.7,33,0,11,12.6,4.4,10.55,2.49,114.0011
Michael,Kayode,5,2,4.6,113,1,2,10,3258,2.0,121.7,49,0,9,1.0,3.1,1.28,2.89,113.04655
Robert,Lynch Sánchez,7,1,4.8,113,0,1,9,3040,1.2,86.7,49,98,7,10.3,3.2,0.0,0.04,113.01558
Rúben,dos Santos Gato Alves Dias,13,2,5.5,113,2,0,12,2139,0.2,81.0,22,0,4,3.1,4.3,0.57,0.65,113.005745
Sepp,van den Berg,5,2,4.4,113,0,3,8,2761,3.5,106.3,41,0,3,1.0,3.5,3.36,1.45,113.00205
Junior,Kroupi,4,4,4.7,113,13,0,10,1663,4.5,139.9,21,0,13,7.6,3.4,8.31,1.51,112.99766
Mikkel,Damsgaard,5,3,5.6,113,4,4,5,2046,4.5,155.0,32,0,9,0.8,3.4,2.61,5.43,112.99361
Luke,Shaw,14,2,4.5,113,1,1,10,3220,5.0,97.4,45,0,3,1.1,3.0,0.72,1.98,112.991295
Micky,van de Ven,18,2,4.4,116,4,1,9,3041,2.5,99.6,50,0,10,17.6,3.3,2.82,0.38,112.02617
Adam,Wharton,8,3,5.0,112,1,6,8,2552,3.6,139.6,43,0,8,0.7,3.3,1.52,7.47,112.00971
Raúl,Jiménez Rodríguez,10,4,5.9,112,9,5,9,2183,1.0,153.1,28,0,7,1.8,3.1,11.58,0.9,111.99833
Jaidon,Anthony,3,3,5.0,127,8,4,4,2717,4.0,175.8,59,0,6,2.4,3.4,5.11,2.85,111.525
Diogo,Dalot Teixeira,14,2,4.5,111,1,6,7,2609,0.5,119.6,40,0,9,3.8,3.3,1.93,2.57,111.01041
Crysencio,Summerville,19,3,5.4,110,5,4,8,2470,2.5,145.0,42,0,10,1.6,3.5,5.43,3.35,110.06354
James,Hill,4,2,4.2,110,0,3,8,2102,5.0,86.3,24,0,4,7.4,3.8,0.89,1.16,109.99716
Trai,Hume,17,2,4.5,110,2,1,9,3032,4.2,120.9,42,0,6,0.3,2.9,2.27,2.05,109.98697
Moisés,Caicedo Corozo,7,3,5.7,110,3,1,6,2796,2.0,109.2,47,0,10,7.1,3.3,1.45,2.38,109.9781
Senne,Lammens,14,1,5.1,109,0,0,8,2880,4.5,63.7,39,79,11,3.6,3.4,0.0,0.0,109.01004
Riccardo,Calafiori,1,2,5.6,109,1,2,13,1697,4.0,77.9,8,0,6,6.0,4.2,3.36,0.76,109.005005
Joe,Rodon,11,2,3.9,109,2,0,6,2952,2.2,109.1,53,0,5,3.0,3.1,1.4,0.56,108.98299
Noah,Okafor,11,3,5.5,109,8,3,6,1553,2.5,115.0,26,0,11,0.9,3.9,5.25,1.32,108.9556
Santiago,Ignacio Bueno,20,2,4.4,92,3,2,4,2552,3.8,100.0,47,0,4,0.2,3.2,2.28,1.45,108.65175
Eberechi,Eze,1,3,7.3,113,7,3,11,1885,2.5,115.1,14,0,8,8.7,3.4,5.18,2.66,108.582596
Pascal,Struijk,11,2,4.2,108,0,1,7,2935,0.8,113.1,48,0,4,1.9,3.2,3.06,0.76,108.37747
Jake,O'Brien,9,2,4.9,116,1,3,10,3118,2.0,107.5,46,0,2,0.7,3.1,1.67,1.0,108.130585
Nick,Woltemade,15,4,6.7,108,8,4,8,1896,3.0,117.5,29,0,12,6.5,3.3,6.59,1.53,107.993004
Alexis,Mac Allister,12,3,6.1,108,2,5,7,2654,2.0,139.9,41,0,9,1.8,2.9,3.89,1.69,107.99162
João Victor,Gomes da Silva,20,3,5.3,107,1,2,4,2829,2.0,102.0,56,0,6,0.3,3.1,1.29,2.09,107.006096
Harvey,Barnes,15,3,6.1,106,7,1,5,1951,4.8,147.0,31,0,9,1.3,2.9,6.84,2.72,105.99022
Matz,Sels,16,1,4.6,105,0,0,7,2667,4.0,74.0,39,95,3,5.0,3.4,0.0,0.06,104.977776
El Hadji Malick,Diouf,19,2,4.1,104,0,6,9,2706,2.2,119.8,47,0,3,2.4,3.2,0.57,2.51,104.00667
Marc,Cucurella Saseta,7,2,6.1,104,1,4,9,2706,1.8,145.1,39,0,5,14.6,3.1,2.34,3.23,103.99814
Yehor,Yarmoliuk,5,3,5.0,104,1,3,8,2652,3.2,83.4,42,0,1,0.1,2.8,1.22,1.39,103.94148
Tomáš,Souček,19,3,5.7,103,5,2,7,2190,2.0,120.4,43,0,9,0.5,2.9,5.73,0.52,103.01945
Alex,Iwobi,10,3,6.1,103,4,3,5,2420,1.2,159.4,40,0,13,1.1,3.6,1.91,4.7,103.016846
John,McGinn,2,3,5.3,103,5,4,8,2136,3.0,137.3,28,0,6,0.7,3.4,3.0,4.11,103.0114
Calvin,Bassey,10,2,4.4,103,1,1,7,2532,2.8,84.5,40,0,9,0.8,3.4,1.71,0.35,102.98606
Bernardo,Mota Veiga de Carvalho e Silva,13,3,6.2,102,2,4,13,2869,2.2,167.8,30,0,4,0.7,2.7,2.71,4.11,102.03409
Anthony,Gordon,15,3,7.2,101,6,4,8,1798,0.0,130.9,30,0,10,3.1,3.9,8.77,3.38,100.99537
Lewis,Dunk,6,2,4.5,100,1,1,7,2837,4.5,98.7,40,0,5,1.0,3.0,1.83,0.56,100.06564
Ezri,Konsa Ngoyo,2,2,4.4,100,0,1,9,3035,0.5,84.0,44,0,3,7.0,2.9,1.27,0.59,99.996994
Zian,Flemming,3,4,5.3,99,11,0,3,1764,4.2,114.9,35,0,11,0.8,3.4,7.94,0.41,99.015
Jaka,Bijol,11,2,3.9,99,1,3,5,1888,4.8,86.0,26,0,6,1.3,4.0,0.9,0.75,99.01318
Mathias,Jensen,5,3,4.9,98,3,2,9,2239,2.8,126.9,33,0,1,0.1,2.7,2.21,6.06,98.015175
Yasin,Ayari,6,3,4.8,98,3,4,6,1921,0.5,84.5,24,0,7,0.4,3.4,2.7,1.15,98.00838
Lesley,Ugochukwu,3,3,5.0,97,3,3,3,2330,2.2,80.2,51,0,5,0.1,2.8,2.5,0.41,97.00208
Diego,Gómez Amarilla,6,3,4.9,97,5,1,8,2117,0.5,119.0,29,0,9,0.4,3.0,6.24,1.72,96.99403
Lucas,Digne,2,2,4.5,97,0,7,7,1842,1.2,98.5,23,0,5,1.5,3.1,0.67,3.28,96.993454
Benjamin,Sesko,14,4,7.2,111,11,2,2,1630,1.2,143.4,30,0,19,4.6,3.7,9.21,0.28,96.41348
Nick,Pope,15,1,5.0,96,0,1,7,2416,3.0,70.7,38,89,3,4.5,3.6,0.16,0.0,96.01874
André,Trindade da Costa Neto,20,3,5.2,96,1,0,2,2760,2.5,78.9,53,0,4,0.1,2.7,0.52,0.99,96.015816
Malo,Gusto,7,2,4.8,96,2,3,7,2255,0.2,109.8,36,0,7,1.7,2.8,1.56,2.97,96.01065
Martin,Dúbravka,3,1,4.0,96,0,0,4,3150,0.5,97.9,71,127,7,25.7,2.7,0.0,0.04,96.002144
Jayden,Bogle,11,2,4.4,96,1,5,6,2795,1.8,100.3,44,0,1,0.4,2.8,2.08,3.11,95.997116
Thierno,Barry,9,4,5.7,95,8,0,7,1898,3.8,102.5,34,0,9,0.8,2.5,8.17,0.44,95.00065
Vitalii,Mykolenko,9,2,4.9,95,0,1,9,2959,1.0,102.3,47,0,2,0.7,2.9,0.28,2.46,94.9994
Ryan,Sessegnon,10,3,5.4,95,3,3,6,1816,0.0,86.7,29,0,8,0.1,3.5,1.6,1.8,94.978004
Mats,Wieffer,6,3,4.8,94,2,4,6,1901,0.8,97.7,26,0,6,0.3,3.6,1.92,1.86,94.07334
James,Justin,11,2,4.0,94,2,1,6,1893,3.2,88.3,26,0,9,2.3,3.2,1.83,1.16,94.00354
Emiliano,Buendía Stati,2,3,5.3,102,6,2,3,1753,3.8,121.4,24,0,10,0.4,2.8,3.38,2.23,93.86054
Dan,Burn,15,2,5.0,93,1,3,6,2195,2.8,82.1,36,0,5,3.6,3.2,1.08,0.36,93.02209
Brian,Brobbey,17,4,5.3,92,7,2,6,1920,3.8,106.7,30,0,12,0.9,3.0,6.02,0.67,92.0128
Tijjani,Reijnders,13,3,5.0,92,5,3,7,1623,1.2,111.2,18,0,6,8.9,3.3,4.61,2.35,92.01051
Patrick,Dorgu,14,2,4.1,95,4,4,4,1440,5.2,120.3,20,0,11,2.4,3.7,2.39,1.84,91.64734
Cristian,Romero,18,2,5.0,91,4,1,5,1869,0.0,93.2,33,0,10,2.9,4.0,1.39,1.25,91.021706
Amad,Diallo,14,3,6.2,91,2,5,6,2339,3.2,163.5,33,0,7,1.3,2.8,5.46,4.74,91.00961
Sander,Berge,10,3,4.9,91,0,3,8,2904,1.0,91.0,45,0,3,0.1,2.6,1.54,1.5,90.999275
Alisson,Becker,12,1,5.4,91,0,0,8,2340,0.5,47.8,31,57,8,5.1,3.5,0.0,0.03,90.99592
Jack,Hinshelwood,6,3,5.2,91,4,5,7,1736,5.0,94.8,23,0,2,1.6,3.4,4.94,2.34,90.99443
Harry,Maguire,14,2,4.4,90,1,2,7,1649,5.0,63.0,20,0,5,1.7,3.9,1.12,0.5,90.002846
Guglielmo,Vicario,18,1,4.7,90,0,0,7,2790,0.0,72.2,50,83,6,4.7,2.9,0.0,0.04,89.997
Ibrahim,Sangaré,16,3,4.9,89,2,2,8,2073,1.2,76.8,26,0,2,0.1,3.2,1.16,1.8,89.04087
Sven,Botman,15,2,4.9,89,1,1,5,1834,3.8,87.4,27,0,6,0.5,3.6,1.73,0.86,88.94697
Callum,Hudson-Odoi,16,3,5.7,88,3,4,6,1838,0.0,130.6,26,0,8,0.6,2.9,2.77,3.02,87.9925
Georginio,Rutter,6,3,5.6,87,3,5,7,1776,1.0,113.5,20,0,2,0.3,2.7,2.9,2.9,87.01363
Piero,Hincapié,1,2,5.1,87,1,2,5,1787,0.8,70.9,19,0,7,0.9,3.5,0.36,1.67,86.98784
Rodrigo,Bentancur,18,3,5.2,86,1,1,8,1880,3.5,67.4,25,0,4,0.2,3.3,0.72,0.84,85.98694
Maxime,Estève,3,2,3.8,85,0,0,3,2933,2.0,93.7,70,0,0,7.0,2.5,0.73,0.59,85.01331
Milos,Kerkez,12,2,5.6,85,2,1,6,2251,1.0,99.4,37,0,4,2.9,2.5,1.5,0.69,84.914635
Florentino Ibrain,Morris Luís,3,3,5.0,84,0,2,2,2100,3.2,71.4,45,0,0,0.0,2.7,0.64,0.52,84.014206
Maxim,De Cuyper,6,2,4.3,84,2,3,5,1404,4.5,99.9,23,0,9,1.7,2.8,1.66,4.08,83.98664
Murillo,Costa dos Santos,16,2,5.2,83,1,0,6,2130,0.0,74.0,29,0,3,1.8,3.3,0.73,0.47,83.02346
Idrissa Gana,Gueye,9,3,5.4,83,2,3,5,2094,0.0,85.1,26,0,4,0.1,3.3,1.99,1.84,82.98912
Hugo,Bueno López,20,2,4.3,83,1,3,4,2359,1.8,140.4,44,0,4,0.2,2.4,0.86,3.49,82.981186
Chemsdine,Talbi,17,3,4.9,83,4,2,7,1553,1.5,69.1,14,0,6,0.2,3.0,2.13,1.18,82.90194
Jacob,Murphy,15,3,5.9,82,3,2,8,1606,3.2,106.0,20,0,5,0.6,2.5,3.07,2.66,81.99565
Omari,Hutchinson,16,3,5.4,82,1,7,6,1676,2.2,121.6,24,0,3,0.1,2.6,2.01,3.87,81.98986
Norberto Bercique,Gomes Betuncal,9,4,5.1,104,9,1,5,1551,3.0,124.5,19,0,15,3.3,2.8,8.9,0.23,81.60426
Kenny,Tete,10,2,4.5,81,1,0,6,1791,0.0,73.9,25,0,5,0.2,3.7,0.92,1.46,81.01845
Sandro,Tonali,15,3,5.3,81,0,2,7,2534,1.0,113.4,38,0,2,1.0,2.3,1.75,2.87,80.98808
Noah,Sadiki,17,3,4.9,80,0,2,9,2891,2.5,84.6,42,0,0,0.1,2.4,1.43,1.46,80.010445
Emile,Smith Rowe,10,3,5.6,80,3,1,6,1909,2.0,102.6,27,0,1,0.5,2.2,4.71,1.12,79.9873
Xavi,Simons,18,3,6.3,80,2,5,4,1747,0.0,113.9,36,0,7,1.1,2.9,3.06,3.85,79.975784
Curtis,Jones,12,3,5.4,81,1,3,3,1923,3.8,104.6,37,0,6,0.1,2.4,2.21,2.77,79.14658
Jack,Grealish,9,3,6.3,79,2,6,7,1627,0.0,129.2,23,0,12,5.6,4.0,2.05,3.37,79.031456
Lewis,Hall,15,2,5.3,79,1,2,4,2176,1.2,118.0,39,0,4,3.3,2.6,1.01,2.78,79.01552
Joško,Gvardiol,13,2,5.8,79,2,2,6,1370,0.4,69.8,13,0,5,3.2,4.4,2.25,0.7,78.99564
Pascal,Groß,6,3,5.6,78,1,6,6,1636,3.2,128.5,17,0,10,3.0,4.1,1.39,3.95,78.00918
Djed,Spence,18,2,4.1,78,0,0,9,2049,2.2,70.5,31,0,3,0.9,2.6,0.9,1.77,77.996315
Mathys,Tel,18,3,6.2,78,4,2,3,1334,4.8,107.6,23,0,7,0.5,2.5,2.47,2.43,77.99039
Aaron,Wan-Bissaka,19,2,4.1,67,0,3,3,2080,1.0,77.2,43,0,0,4.3,2.7,0.0,1.0,77.11162
Tyler,Adams,4,3,4.9,77,2,2,7,1769,2.8,66.3,28,0,3,0.3,3.1,0.63,0.63,77.05158
Yéremy,Pino Santos,8,3,5.8,77,2,2,7,2074,1.4,141.4,28,0,3,0.2,2.3,4.53,6.12,76.99689
Amadou,Onana,2,3,4.8,76,2,0,6,1755,0.2,74.4,26,0,4,0.6,3.0,1.68,0.69,76.0255
Mads,Hermansen,19,1,4.2,76,0,1,7,1620,4.0,44.2,28,55,8,1.0,4.2,0.0,0.01,76.000145
William,Osula,15,4,5.5,76,7,1,2,805,6.5,62.2,14,0,13,2.1,3.2,4.28,0.62,75.99583
Kristoffer,Ajer,5,2,4.4,76,0,2,5,1805,1.5,62.7,32,0,1,0.2,2.8,0.69,0.73,75.97396
Jørgen,Strand Larsen,8,4,5.8,75,4,1,5,2301,1.8,91.5,41,0,3,1.4,2.1,5.3,1.12,75.006874
Mohammed,Kudus,18,3,6.4,75,2,6,7,1535,0.0,104.7,20,0,7,9.1,3.9,1.92,2.41,74.99643
Mateus,Mané,20,4,4.2,74,3,2,5,1787,4.2,109.5,30,0,9,1.4,2.7,2.01,3.69,74.029594
Reinildo,Mandava,17,2,3.8,74,0,2,6,1966,3.5,54.7,27,0,6,3.0,3.0,0.13,0.62,73.99822
Wilson,Isidor,17,4,5.0,74,6,1,4,1148,1.8,71.5,17,0,7,1.3,2.3,4.7,0.38,73.98925
Martin,Ødegaard,1,3,7.8,74,1,7,6,1363,1.8,104.4,13,0,5,1.7,3.1,1.25,3.65,73.98813
Álex,Jiménez Sánchez,4,2,4.5,74,1,2,6,2315,1.5,85.9,39,0,2,0.1,2.4,1.09,1.73,73.97606
Vitaly,Janelt,5,3,4.9,74,1,4,5,1434,1.0,79.0,21,0,6,0.1,3.0,0.82,2.27,73.93741
Tim,Iroegbunam,9,3,4.8,68,0,3,8,1477,2.2,45.9,18,0,1,0.0,2.3,0.54,0.71,73.75433
Joelinton Cássio,Apolinário de Lira,15,3,5.9,73,2,1,5,1950,1.5,95.0,27,0,2,0.3,2.7,2.36,1.35,73.03527
Jordan,Henderson,5,3,5.0,76,1,3,6,1911,0.2,74.4,28,0,5,0.3,2.4,0.33,2.31,72.783195
Lewis,Miley,15,3,4.4,72,1,4,2,1493,0.5,73.0,22,0,5,1.7,3.1,1.36,2.1,71.98694
Noni,Madueke,1,3,6.8,72,3,1,8,1205,3.2,101.3,9,0,9,0.8,2.8,1.23,2.86,71.98658
Pape Matar,Sarr,18,3,4.5,71,2,4,3,1388,1.2,68.2,23,0,2,1.0,2.7,1.63,1.11,70.92222
Josh,Cullen,3,3,4.9,70,2,2,3,1513,0.0,66.0,29,0,8,0.8,3.9,0.94,1.36,69.992355
Kyle,Walker,3,2,4.4,70,0,2,4,3095,1.5,77.4,66,0,3,1.2,1.9,0.15,1.29,69.98953
Rodrigo 'Rodri',Hernandez Cascante,13,3,6.3,69,1,1,5,1510,1.4,90.3,15,0,6,0.5,3.3,1.15,2.45,69.00698
Lucas,Tolentino Coelho de Lima,19,3,5.9,69,4,2,3,1513,0.0,95.7,33,0,8,1.0,3.8,2.85,2.0,68.99032
Jefferson,Lerma Solís,8,3,4.9,69,0,5,7,1722,1.4,72.5,25,0,3,0.1,2.2,1.84,1.48,68.975266
Ladislav,Krejcí,20,2,4.5,68,2,2,3,2356,2.0,96.6,46,0,1,0.1,2.4,2.23,1.49,68.009964
Gabriel,Gudmundsson,11,2,3.8,68,0,0,5,2637,0.0,96.4,45,0,8,2.5,2.1,1.1,2.89,67.99718
Youri,Tielemans,2,3,5.9,68,0,4,4,1857,2.2,113.1,27,0,3,0.7,2.7,1.14,3.26,67.9969
José,Malheiro de Sá,20,1,4.2,68,0,0,4,2070,2.2,52.8,37,65,8,1.1,3.0,0.0,0.04,67.98913
Karl,Darlow,11,1,4.0,71,0,0,5,1980,4.2,53.4,27,63,3,6.9,3.2,0.0,0.05,67.773895
Lukas,Nmecha,11,4,5.0,73,6,1,3,1065,1.2,87.8,23,0,8,0.5,2.4,7.25,1.58,67.66057
Saša,Lukić,10,3,4.9,67,1,4,6,1730,1.8,93.4,22,0,4,0.1,2.6,2.23,1.91,67.043144
Callum,Wilson,19,4,5.8,80,7,2,1,1234,2.2,91.1,24,0,7,0.6,2.5,7.6,0.54,67.03926
Rayan Vitor,Simplício Rocha,4,3,5.4,67,5,2,6,1110,5.5,75.3,10,0,3,2.3,4.5,2.67,1.84,67.019135
Mikel,Merino Zazón,1,3,5.3,67,4,3,4,1024,0.2,73.6,10,0,5,0.7,3.0,3.36,1.45,67.0179
Daichi,Kamada,8,3,5.0,67,0,2,6,1899,1.6,74.5,28,0,0,0.1,2.4,1.64,3.24,67.013245
Ola,Aina,16,2,4.7,67,0,2,6,1587,0.0,50.5,19,0,5,2.1,3.7,0.41,0.84,66.98642
Tanaka,Ao,11,3,4.8,67,2,1,3,1307,4.0,63.6,22,0,4,0.2,2.4,1.44,1.39,66.97623
Abdukodir,Khusanov,13,2,5.4,67,0,0,6,1427,2.2,43.9,13,0,3,0.7,3.2,0.65,1.21,66.97363
Amine,Adli,4,3,5.4,67,3,2,3,1074,0.8,76.1,17,0,4,0.2,2.2,2.6,1.62,66.94519
Tolu,Arokodare,20,4,5.1,66,3,2,3,1402,1.2,98.2,28,0,4,0.1,2.0,5.49,0.39,66.00815
Antonee,Robinson,10,2,4.9,65,1,0,4,1487,5.0,79.3,19,0,7,0.9,3.0,1.07,1.58,65.05814
Habib,Diarra,17,3,5.3,65,2,6,5,1403,1.2,53.9,19,0,3,0.1,3.2,3.27,0.85,65.00722
Brennan,Johnson,8,3,6.5,65,2,1,6,1710,1.4,75.8,24,0,2,2.4,1.9,2.45,1.31,64.96381
Pau,Torres,2,2,4.3,64,0,2,5,1673,1.2,45.1,19,0,2,0.3,3.0,1.33,0.39,63.99726
Nico,González Iglesias,13,3,5.9,63,1,0,7,1561,1.2,61.5,18,0,1,0.1,2.5,0.68,1.12,63.022583
Josh,King,10,3,4.4,63,1,3,5,1290,0.8,73.3,18,0,3,1.6,2.0,2.47,0.66,63.017403
Jeremie,Frimpong,12,2,5.7,63,0,5,5,1032,1.0,56.5,13,0,1,4.9,3.0,0.5,1.55,63.010098
Quilindschy,Hartman,3,2,4.0,63,0,6,3,1825,0.2,79.5,40,0,0,0.6,3.0,0.32,1.98,62.995476
Kevin,Danso,18,2,4.2,63,0,0,4,1489,4.2,55.5,25,0,1,0.2,2.6,0.62,0.28,62.962025
Jaydee,Canvot,8,2,4.5,72,0,0,5,1331,1.4,48.1,23,0,9,0.5,3.6,1.48,0.33,62.4127
Mitoma,Kaoru,6,3,6.1,62,3,1,5,1714,0.2,112.3,20,0,2,1.9,2.5,4.04,2.74,62.03525
Samuel,Chukwueze,10,3,5.3,62,3,4,2,1067,1.2,85.8,20,0,1,0.1,2.7,2.1,3.36,62.004246
Jacob,Ramsey,15,3,5.3,62,2,3,1,1441,4.5,79.9,31,0,3,0.3,2.2,1.2,1.45,61.992508
Boubacar,Kamara,2,3,4.9,61,1,3,5,1410,0.0,64.2,15,0,7,0.2,3.4,0.53,0.84,61.10547
Timothy,Castagne,10,2,4.3,61,0,2,3,1838,4.0,86.2,31,0,3,0.2,2.0,1.5,1.47,61.02464
Valentín,Castellanos,19,4,5.5,61,6,1,9,1384,4.0,103.9,16,0,5,0.3,3.4,5.75,0.81,61.02406
Archie,Gray,18,3,4.8,61,2,2,5,1471,0.2,55.5,28,0,6,0.1,2.5,1.5,1.29,61.02258
Yerson,Mosquera Valdelamar,20,2,4.3,61,0,0,4,2137,2.5,83.5,40,0,3,0.1,2.3,2.51,0.62,61.019672
Kobbie,Mainoo,14,3,4.7,73,1,2,6,1653,5.0,82.1,22,0,2,1.4,2.6,0.48,1.27,60.48935
Alejandro,Garnacho Ferreyra,7,3,6.4,56,1,4,4,1261,0.2,100.5,20,0,3,0.4,2.3,3.44,3.68,60.479465
Wesley,Fofana,7,2,4.4,65,0,2,4,1718,1.2,60.4,25,0,3,0.4,2.6,0.72,0.6,59.56428
Loum,Tchaouna,3,3,4.8,59,2,2,2,1259,4.2,59.3,24,0,0,0.0,2.0,1.27,0.91,59.008022
Hannibal,Mejbri,3,3,4.7,59,1,5,2,1219,1.8,71.0,27,0,4,0.1,2.2,0.91,2.08,59.00277
David,Brooks,4,3,5.0,59,1,3,5,1188,1.5,104.1,20,0,4,0.2,1.9,5.81,3.4,58.996014
Tino,Livramento,15,2,4.9,59,0,1,6,1326,0.0,46.1,14,0,3,1.8,3.5,0.13,0.89,58.986023
Lyle,Foster,3,4,4.9,58,3,2,4,1361,0.2,62.1,30,0,4,0.7,2.2,3.22,0.37,58.387856
Carlos,Baleba,6,3,4.5,56,0,0,7,1646,2.8,36.8,19,0,0,1.5,1.8,0.78,0.72,58.32368
Adam,Smith,4,2,4.4,58,0,2,6,1073,4.8,27.1,16,0,4,0.2,2.6,0.0,0.23,58.025585
Estêvão,Almeida de Oliveira Gonçalves,7,3,6.4,58,2,5,4,839,0.0,72.6,11,0,4,1.7,2.6,2.91,2.14,58.000736
Mason,Mount,14,3,5.9,58,3,0,5,1010,2.5,58.0,15,0,3,0.3,2.5,1.56,1.62,57.98335
Gabriel,Martinelli Silva,1,3,6.8,57,1,5,2,1065,2.0,79.0,8,0,3,0.9,1.9,4.12,1.27,57.020588
Josh,Laurent,3,3,4.8,56,1,0,2,1752,0.8,58.6,41,0,1,0.0,1.7,0.87,0.48,56.822674
Sean,Longstaff,11,3,4.8,56,2,2,1,1003,0.8,81.2,20,0,5,0.2,2.4,1.23,1.87,56.02133
Ilia,Gruev,11,3,4.7,56,0,4,5,1318,0.0,43.2,23,0,3,0.1,2.4,0.49,0.86,56.0181
Omar,Marmoush,13,3,8.3,56,3,3,4,691,3.2,64.4,5,0,5,2.9,2.7,2.78,0.77,56.01527
Ross,Barkley,2,3,4.8,56,3,2,1,844,4.0,58.1,15,0,5,0.1,2.7,1.58,1.26,56.01394
Leny,Yoro,14,2,4.1,56,0,1,2,1730,0.5,53.2,33,0,1,1.2,1.8,1.34,0.59,56.004276
Donyell,Malen,2,3,5.1,55,4,2,1,640,0.0,56.3,10,0,3,0.4,2.6,4.03,0.35,54.998344
Lutsharel,Geertruida,17,2,4.5,55,0,0,3,1681,2.2,51.2,23,0,0,0.1,2.0,0.79,0.85,54.942966
Kieran,Trippier,15,2,4.9,54,0,1,5,1586,0.8,79.0,27,0,2,1.4,2.6,0.08,2.06,54.036858
Hwang,Hee-chan,20,3,5.6,54,2,2,2,1439,1.8,53.4,29,0,0,0.1,2.1,2.37,1.57,53.99783
Ian,Maatsen,2,2,4.2,54,0,1,2,1590,2.0,94.3,27,0,1,0.5,1.8,1.26,2.39,53.982674
Kyle,Walker-Peters,19,2,4.2,53,1,0,4,1378,1.8,49.8,25,0,0,0.3,2.3,1.13,0.37,53.02872
Dwight,McNeil,9,3,5.5,53,0,3,6,1161,0.2,52.2,9,0,1,0.1,2.4,1.37,1.91,53.000652
Felipe,Rodrigues da Silva,16,2,4.3,53,1,0,2,1340,4.0,50.5,23,0,1,0.1,2.5,1.32,0.15,52.792866
Axel,Disasi,19,2,4.5,49,0,0,6,1254,2.5,32.4,17,0,1,0.2,3.5,1.1,0.03,52.26463
Randal,Kolo Muani,18,4,6.9,52,1,1,4,1655,1.5,71.0,31,0,1,0.4,1.7,2.07,1.63,52.013252
Hjalmar,Ekdal,3,2,3.8,52,0,0,2,1539,0.8,51.7,34,0,2,0.7,2.7,0.25,0.32,51.996677
Rico,Henry,5,2,4.3,52,0,2,4,1322,0.0,26.9,22,0,0,0.1,2.1,0.18,0.54,51.92315
Marcus,Edwards,3,3,4.7,51,1,3,1,1058,0.2,68.9,18,0,2,0.1,2.2,1.49,1.84,51.02827
Fabian,Schär,15,2,5.2,51,0,0,4,1089,0.0,46.4,13,0,0,1.1,3.2,0.97,0.6,50.986115
Lisandro,Martínez,14,2,4.8,51,0,0,5,1229,3.8,42.0,15,0,3,0.4,2.8,0.15,0.6,50.963127
Rayan,Aït-Nouri,13,2,5.7,60,0,2,5,971,1.4,50.2,8,0,9,4.1,3.5,0.53,2.01,50.87143
Nicolás,Domínguez,16,3,5.0,48,1,1,3,1168,1.2,59.7,20,0,3,0.0,1.8,1.47,0.77,50.35536
Jackson,Tchatchoua,20,2,4.4,52,0,1,3,1834,0.0,73.8,37,0,0,0.0,1.7,0.33,1.6,50.27171
Tyrone,Mings,2,2,4.3,50,0,1,3,1322,1.2,46.8,23,0,4,0.6,2.9,1.3,0.42,50.108448
Dan,Ndoye,16,3,5.5,50,1,2,2,1167,0.0,56.6,17,0,4,0.7,2.1,1.05,1.51,50.015453
Lucas,Pires Silva,3,2,3.8,25,0,0,1,1405,1.2,65.6,30,0,0,0.3,1.2,0.6,1.46,49.237637
Kevin,Santos Lopes de Macedo,10,3,5.7,49,1,3,4,1030,1.5,70.4,15,0,0,0.1,1.9,1.21,1.47,48.995544
Andrew,Robertson,12,2,5.7,55,1,0,4,1165,0.5,68.2,16,0,4,1.2,2.3,1.1,1.4,48.616
Conor,Gallagher,18,3,5.0,44,1,1,2,1183,4.0,55.1,23,0,3,0.2,2.8,1.23,0.7,48.181564
Noussair,Mazraoui,14,2,4.9,53,0,0,5,977,4.2,36.8,10,0,6,0.3,2.6,0.19,0.35,48.178944
Rodrigo,Martins Gomes,20,2,4.4,48,3,0,1,954,1.5,48.2,18,0,0,0.1,2.2,2.13,0.39,48.010864
Anthony,Elanga,15,3,6.5,48,0,1,2,1302,0.5,57.8,28,0,0,2.6,1.5,1.65,1.74,48.00571
Ryan,Christie,4,3,4.9,47,2,1,3,978,-0.2,64.7,14,0,2,0.1,1.8,1.81,0.79,47.00618
Bashir,Humphreys,3,2,3.9,47,0,2,2,1574,0.8,61.4,33,0,1,0.1,2.4,0.42,0.68,47.002678
Andrey,Nascimento dos Santos,7,3,4.4,47,1,0,1,1247,3.2,47.5,18,0,3,0.3,1.7,2.0,0.88,46.9481
Benjamin,White,1,2,5.1,45,0,1,5,699,1.8,34.3,6,0,3,0.5,3.8,0.45,0.69,46.723648
Jean-Clair,Todibo,19,2,4.3,46,0,1,1,1817,0.2,47.7,37,0,1,0.1,2.0,0.25,0.32,46.01117
Wilson,Odobert,18,3,5.3,46,0,2,2,972,0.0,67.6,13,0,6,0.0,1.9,1.92,1.21,45.993156
Bafodé,Diakité,4,2,4.1,46,0,0,4,1275,0.0,34.4,27,0,2,0.3,2.6,0.02,0.19,45.983093
Joël,Veltman,6,2,4.3,46,1,0,2,1047,2.0,39.6,13,0,1,0.1,1.9,1.15,0.2,45.94879
Alphonse,Areola,19,1,4.2,51,0,1,0,1800,0.0,57.9,37,77,2,1.9,2.5,0.0,0.0,45.553074
Will,Hughes,8,3,4.7,45,0,1,5,1560,0.6,60.9,18,0,0,0.1,1.5,1.11,1.94,45.00874
Liam,Delap,7,4,6.2,45,1,2,2,1092,0.5,47.3,18,0,1,0.9,1.6,4.54,0.23,44.988834
Jhon,Arias,20,3,4.9,45,1,0,2,1117,0.0,52.1,21,0,2,0.1,2.0,3.38,0.62,44.961487
Conor,Bradley,12,2,4.9,42,0,2,4,928,0.0,32.3,13,0,2,0.1,2.8,0.18,0.84,44.571613
Evann,Guessand,8,3,6.2,44,1,3,2,909,0.4,42.0,15,0,0,0.0,2.1,1.56,0.85,44.00002
Jean-Ricner,Bellegarde,20,3,5.1,44,1,1,3,1239,0.5,54.6,30,0,0,0.0,1.7,1.04,1.06,43.976707
Matthijs,de Ligt,14,2,4.9,43,1,0,1,1170,0.0,45.7,20,0,5,1.8,3.3,1.38,0.83,43.542454
Douglas Luiz,Soares de Paulo,2,3,4.9,35,1,1,1,913,1.0,59.1,15,0,0,0.1,1.7,0.53,1.42,43.30896
Sávio,Moreira de Oliveira,13,3,6.9,43,1,2,3,817,2.6,65.8,7,0,1,0.4,1.8,2.5,1.59,43.276424
Armando,Broja,3,4,5.2,43,1,1,1,843,0.2,38.5,27,0,2,0.1,1.8,2.14,0.22,43.007298
Lucas Estella,Perri,11,1,4.4,43,0,0,3,1440,0.0,32.2,29,38,3,0.3,2.7,0.0,0.0,43.00349
Taiwo,Awoniyi,16,4,5.2,43,4,2,1,480,4.8,48.4,4,0,4,0.4,2.5,3.68,0.77,43.00012
Rio,Ngumoha,12,3,4.3,43,2,1,2,547,2.8,60.1,12,0,4,1.4,2.3,1.34,2.01,42.9965
Ayden,Heaven,14,2,3.7,42,0,1,2,920,0.2,29.1,15,0,3,2.6,2.5,0.34,0.18,42.00277
Soungoutou,Magassa,19,3,5.0,42,1,0,2,971,0.2,31.0,23,0,2,0.0,1.9,0.44,0.32,41.995747
Oscar,Bobb,10,3,5.1,42,0,2,4,1030,1.8,66.4,13,0,0,0.2,1.8,1.47,2.1,41.995285
Joshua,Zirkzee,14,4,5.8,42,2,1,2,607,1.0,58.3,8,0,6,0.4,1.8,2.74,0.34,41.99487
Justin,Kluivert,4,3,6.9,41,2,0,4,945,0.2,58.8,19,0,3,0.6,2.0,2.31,1.55,41.017197
Toti,Gomes,20,2,4.2,41,0,0,1,1423,2.0,51.7,33,0,0,0.1,2.2,0.53,0.29,41.01002
Chris,Wood,16,4,7.1,41,3,0,2,896,1.5,48.0,14,0,4,4.7,2.7,4.29,0.32,41.00557
Alexander,Isak,12,4,10.3,41,3,1,1,694,0.2,36.9,9,0,4,3.8,2.9,2.59,0.08,40.999622
Jacob,Bruun Larsen,3,3,5.2,41,0,1,3,1014,0.8,47.4,29,0,0,0.0,1.5,1.37,1.16,40.992455
Tom,Cairney,10,3,4.8,41,2,0,2,756,2.2,41.4,10,0,1,0.0,1.7,1.21,0.81,40.974564
Lucas,Bergvall,18,3,5.2,49,1,3,3,955,0.5,41.5,18,0,0,0.2,2.1,1.23,0.43,40.48904
Lamare,Bogarde,2,2,4.0,40,0,0,2,1042,1.0,20.6,17,0,4,0.5,1.4,0.0,0.2,40.00336
Dominic,Solanke-Mitchell,18,4,7.1,40,3,0,0,997,0.0,62.7,21,0,4,1.1,2.7,2.97,0.34,40.00177
Eliezer,Mayenda Dossou,17,4,5.1,40,2,0,3,751,0.2,35.5,9,0,5,0.5,2.0,2.13,0.22,39.97876
James,Ward-Prowse,3,3,5.6,40,0,1,2,1092,1.2,62.1,27,0,0,0.2,2.2,0.24,1.87,39.973026
Lewis,Cook,4,3,4.9,40,0,1,1,872,0.5,40.6,19,0,0,0.0,2.2,0.07,0.52,39.945667
Jorge,Cuenca Barreno,10,2,4.3,39,0,0,2,935,0.0,31.2,11,0,1,0.1,2.6,0.05,0.53,39.08789
Nicolò,Savona,16,2,4.5,39,2,0,3,1025,0.0,43.5,18,0,0,0.0,2.8,1.34,0.45,39.024708
Adam,Armstrong,20,4,5.1,39,2,2,3,1141,3.2,41.9,20,0,1,0.1,2.8,2.77,0.85,39.021847
Josh,Acheampong,7,2,3.7,39,1,0,2,657,0.8,24.4,13,0,5,1.8,2.3,0.62,0.13,38.979664
Olivier,Boscagli,6,2,4.2,39,0,1,3,799,0.2,31.1,10,0,4,0.1,3.2,0.05,0.47,38.971107
Joe,Willock,15,3,5.0,38,0,2,3,972,2.0,55.5,18,0,0,0.1,1.6,1.26,1.07,38.020096
Marshall,Munetsi,20,3,5.3,38,1,2,0,872,0.0,42.1,19,0,1,0.0,2.9,1.64,0.38,37.99395
Manuel,Ugarte Ribeiro,14,3,4.7,38,0,0,1,876,0.0,29.8,23,0,0,0.1,1.7,0.72,0.16,37.95065
Justin,Devenny,8,3,4.3,36,1,0,1,785,1.2,38.4,15,0,0,1.1,1.7,2.38,0.39,37.48971
Cristhian,Mosquera,1,2,5.3,40,0,0,3,986,2.8,32.9,8,0,1,0.3,2.0,0.1,0.63,37.47784
David,Møller Wolfe,20,2,4.2,35,0,2,1,1042,1.2,33.3,23,0,0,0.1,1.6,0.13,1.09,37.026035
Freddie,Potts,19,3,4.3,37,0,1,1,1162,0.0,37.1,25,0,0,0.5,1.7,0.21,1.06,37.006836
Federico,Chiesa,12,3,6.3,37,2,1,0,317,0.8,34.9,9,0,0,0.3,1.4,1.45,0.61,36.997746
Aaron,Hickey,5,2,4.0,37,0,0,2,679,1.0,16.0,9,0,0,0.3,1.8,0.44,0.17,36.985477
Jadon,Sancho,2,3,5.8,37,0,2,2,863,0.8,61.6,10,0,0,0.2,1.6,0.61,1.87,36.98471
Chris,Rigg,17,3,4.7,36,1,1,3,758,1.2,36.0,11,0,1,0.1,2.0,0.86,0.93,36.07869
Maximilian,Kilman,19,2,4.0,36,0,0,1,1559,0.0,50.9,37,0,0,0.1,1.7,0.56,0.25,36.04624
Rodrigo,Muniz Carvalho,10,4,5.3,36,1,1,3,987,1.5,47.3,13,0,3,0.7,1.7,3.3,0.15,36.036488
Nathan,Aké,13,2,5.2,36,0,0,3,686,1.6,32.4,9,0,1,0.6,2.0,0.72,0.53,36.01634
Merlin,Röhl,9,3,5.0,36,1,1,2,675,4.5,26.3,13,0,2,0.0,2.2,0.67,0.35,36.01531
Kai,Havertz,1,4,7.3,36,2,3,4,577,3.2,49.9,4,0,3,0.7,3.0,3.31,0.64,35.96283
Brajan,Gruda,6,3,5.4,35,1,1,2,708,0.0,50.0,11,0,2,0.0,1.9,1.86,0.88,35.04195
Charalampos,Kostoulas,6,4,4.8,35,2,1,1,351,1.0,52.4,9,0,3,0.3,1.7,2.12,0.54,35.00878
James,Milner,6,3,4.9,35,1,1,2,772,0.2,34.7,17,0,0,0.1,1.8,1.03,0.66,34.95219
Tosin,Adarabioyo,7,2,4.0,34,0,0,2,788,0.0,29.3,14,0,2,0.3,2.1,0.11,0.4,34.068058
Axel,Tuanzebe,3,2,3.9,34,1,0,1,1201,1.8,34.1,26,0,0,0.9,2.4,0.61,0.12,34.033913
Giorgi,Mamardashvili,12,1,4.1,34,0,0,2,867,0.8,27.5,18,34,2,0.7,3.4,0.0,0.0,33.99757
Simon,Adingra,17,3,4.9,34,1,1,4,649,0.0,27.0,8,0,3,0.3,2.4,0.35,0.62,33.99007
Joe,Gomez,12,2,4.9,33,0,2,2,594,0.2,23.2,14,0,2,0.2,1.6,0.28,0.64,33.002758
Dilane,Bakwa,16,3,5.9,26,0,2,2,549,2.8,35.6,10,0,1,0.0,1.9,0.54,1.01,32.378872
Wilfried,Gnonto,11,3,5.1,32,0,3,1,521,1.0,27.5,14,0,0,0.1,1.4,0.4,0.77,31.975512
Jarrad,Branthwaite,9,2,5.3,32,1,1,1,678,0.0,29.3,9,0,0,0.3,3.2,0.34,0.11,31.931753
Issa,Diop,10,2,4.3,31,1,0,1,812,4.5,23.0,13,0,3,0.1,2.4,0.8,0.05,31.005257
Bertrand,Traoré,17,3,5.5,30,1,1,3,634,0.0,35.9,9,0,1,0.0,2.5,0.48,0.25,29.988663
Ryan,Yates,16,3,4.7,30,0,2,0,602,1.2,27.2,7,0,0,0.1,1.4,0.49,0.37,29.928532
Daniel,James,11,3,5.2,23,0,0,1,547,1.2,33.9,16,0,0,0.1,1.2,0.91,0.71,29.092205
Destiny,Udogie,18,2,4.3,29,0,1,1,1335,2.8,49.8,25,0,1,0.3,1.4,0.18,0.72,29.060377
Carlos,Alcaraz Durán,9,3,5.2,29,0,1,3,679,0.8,41.8,10,0,0,0.1,1.4,1.17,0.54,29.044388
Myles,Lewis-Skelly,1,2,5.0,29,0,0,2,697,3.8,17.6,8,0,0,1.9,1.4,0.1,0.2,29.01711
Eddie,Nketiah,8,4,5.4,23,2,0,0,414,0.0,37.8,12,0,3,0.3,1.9,1.77,0.46,28.574537
Victor,Lindelöf,2,2,4.5,29,0,1,1,942,1.2,22.7,15,0,0,0.1,1.7,0.28,0.1,28.28635
Matt,Doherty,20,2,4.4,14,0,0,1,786,0.0,20.5,15,0,0,0.1,1.3,0.09,0.19,27.915878
Enes,Ünal,4,4,5.4,27,1,0,0,214,1.0,19.1,3,0,1,0.0,1.2,2.0,0.07,27.00674
Yoane,Wissa,15,4,7.3,27,1,1,1,517,1.2,25.5,11,0,0,0.6,1.4,3.13,0.54,26.995462
Pablo Felipe,Pereira de Jesus,19,4,5.4,26,0,1,3,819,1.2,41.3,12,0,0,0.0,1.9,1.05,1.11,26.026932
Aaron,Ramsdale,15,1,4.8,25,0,0,1,1003,0.0,22.3,17,25,1,0.7,2.1,0.0,0.0,25.002
Sebastiaan,Bornauw,11,2,3.8,25,0,0,2,429,2.0,12.2,5,0,0,0.1,2.1,0.2,0.01,24.998377
Jamie,Bynoe-Gittens,7,3,6.0,25,0,2,1,486,0.0,31.3,7,0,0,0.1,1.6,0.81,0.94,24.995317
Adama,Traoré Diarra,19,3,5.1,25,0,0,0,376,0.2,17.2,12,0,0,0.1,1.0,0.69,0.57,24.947275
Tyrique,George,9,3,4.8,16,0,0,1,351,0.8,23.9,9,0,0,0.1,1.1,0.64,1.19,24.06628
Luke,O'Nien,17,2,4.0,26,0,1,2,565,2.5,17.1,7,0,1,0.1,2.2,0.15,0.13,24.032202
Gabriel,Fernando de Jesus,1,4,6.4,24,3,0,1,418,1.5,47.5,6,0,0,0.4,1.7,2.71,0.26,24.012209
Tammy,Abraham,2,4,5.7,23,2,0,0,278,0.2,27.1,8,0,2,0.2,1.9,2.05,0.36,22.997208
Emmanuel,Agbadou,20,2,4.2,23,0,0,0,1100,0.0,46.4,29,0,0,0.1,1.6,0.57,0.4,22.931198
Nathaniel,Clyne,8,2,3.8,17,0,1,0,592,0.4,19.2,12,0,2,0.5,1.7,0.43,0.6,22.050825
Harrison,Armstrong,9,3,4.5,21,0,0,1,524,0.5,21.0,11,0,0,0.1,1.6,0.79,0.22,21.030838
Sam,Johnstone,20,1,4.4,21,0,0,0,1080,0.0,30.8,24,39,0,0.1,1.8,0.0,0.02,21.026848
Leon,Bailey,2,3,5.5,21,0,2,0,450,1.8,30.1,9,0,0,0.1,1.6,0.5,1.46,21.016874
Ollie,Scarles,19,2,4.3,21,0,1,0,656,0.0,24.6,16,0,0,0.0,1.6,0.18,0.32,21.001245
Antonín,Kinský,18,1,3.9,20,0,0,2,630,2.8,10.3,7,10,0,1.9,2.9,0.0,0.0,20.008171
Chadi,Riad Dnanou,8,2,4.0,20,0,1,1,550,1.2,18.3,8,0,0,0.1,2.2,0.33,0.13,20.004305
Joe,Worrall,3,2,3.8,20,0,0,0,496,0.0,17.0,11,0,0,0.2,1.8,0.08,0.02,19.935368
Rico,Lewis,13,2,4.6,19,0,1,1,401,0.0,23.8,7,0,2,1.2,1.7,0.19,1.39,19.006132
Jorrel,Hato,7,2,4.6,19,0,0,0,1139,1.0,38.4,27,0,0,0.2,0.9,0.3,0.61,18.99279
Veljko,Milosavljevic,4,2,4.4,19,0,0,1,367,0.0,12.2,6,0,0,0.0,2.7,0.15,0.19,18.856565
Nathan,Patterson,9,2,4.4,22,0,0,2,238,0.2,8.8,2,0,0,0.0,3.1,0.03,0.04,18.797426
Tyler,Dibling,9,3,5.3,18,0,0,2,349,0.0,13.6,2,0,0,0.0,1.3,0.2,0.14,18.013344
Radu,Drăgușin,18,2,4.5,17,0,0,0,515,0.2,16.1,13,0,0,0.0,1.7,0.31,0.01,17.023499
James,McAtee,16,3,5.0,17,0,1,0,288,2.0,17.3,9,0,0,0.1,1.2,0.18,0.37,17.00713
Yves,Bissouma,18,3,5.2,17,0,0,1,600,0.2,13.7,17,0,0,0.0,1.5,0.36,0.1,16.99575
Joël,Piroe,11,4,4.9,17,0,0,1,244,0.5,16.5,9,0,0,0.3,1.1,0.9,0.13,16.976427
Christantus,Uche,8,4,5.5,17,0,1,0,159,0.0,8.8,4,0,0,0.1,1.2,0.49,0.01,16.970547
Angel,Gomes,20,3,4.6,16,0,0,1,457,1.0,17.1,8,0,0,0.0,1.3,0.25,0.28,16.783997
Marco,Bizot,2,1,4.2,16,0,0,1,585,0.5,13.9,10,19,0,0.4,2.3,0.0,0.0,15.99096
Melker,Ellborg,17,1,4.0,16,0,0,1,270,0.0,7.4,2,10,3,0.1,5.3,0.0,0.02,15.985995
Max,Dowman,1,3,4.2,16,1,1,1,152,1.0,16.6,1,0,0,0.9,2.7,1.19,0.3,15.984046
John,Stones,13,2,5.4,16,0,0,1,436,0.8,13.0,10,0,0,0.6,1.8,0.0,0.09,15.959584
Harrison,Reed,10,3,4.3,15,1,0,0,89,0.5,9.7,4,0,2,0.3,2.1,0.13,0.45,14.993925
Matt,O'Riley,6,3,5.5,16,1,0,1,202,0.0,19.6,3,0,2,0.3,2.7,1.21,0.18,14.847906
Stefanos,Tzimas,6,4,5.2,16,1,1,0,132,0.0,17.7,2,0,0,0.1,1.8,0.44,0.11,14.749699
Ethan,Pinnock,5,2,4.2,14,0,0,1,318,0.0,12.3,5,0,2,0.1,3.5,0.01,0.06,14.022009
Romaine,Mundle,17,3,4.9,14,0,0,0,399,0.0,12.7,11,0,0,0.0,1.0,0.87,0.48,14.011447
Dennis,Cirkin,17,2,4.0,14,0,0,1,319,0.0,7.5,2,0,0,0.0,1.8,0.08,0.02,14.008834
Reiss,Nelson,5,3,4.8,13,0,1,0,118,0.2,10.0,2,0,0,0.1,1.3,0.71,0.11,13.226649
Oleksandr,Zinchenko,16,2,4.9,7,0,0,0,352,0.0,18.6,6,0,0,0.2,1.4,0.07,0.36,13.121751
Nilson,Angulo,17,3,5.0,13,0,0,1,401,1.0,17.8,6,0,0,0.0,1.6,0.77,0.12,13.064154
James,Trafford,13,1,4.5,13,0,0,1,360,0.4,11.9,6,14,0,0.9,3.2,0.0,0.0,13.045129
Roméo,Lavia,7,3,4.9,13,0,0,0,374,0.2,9.5,10,0,0,0.0,1.1,0.21,0.55,13.014112
Jair,Paula da Cunha Filho,16,2,4.2,13,0,0,0,514,1.5,14.2,7,0,0,0.1,1.4,0.27,0.06,13.008949
Marc,Guiu Paz,7,4,4.0,13,0,1,0,265,0.0,13.1,3,0,0,5.2,1.3,1.54,0.29,12.99614
Oliver,Sonne,3,2,3.8,13,1,0,0,164,0.0,9.2,4,0,0,0.2,1.9,0.55,0.08,12.97943
Fábio,Freitas Gouveia Carvalho,5,3,4.6,13,1,0,0,100,0.0,8.1,4,0,1,0.1,2.2,0.7,0.03,12.978768
Altay,Bayındır,14,1,4.7,11,0,0,0,540,0.0,12.8,11,13,0,0.3,1.8,0.0,0.05,12.1955185
Niclas,Füllkrug,19,4,5.6,12,0,0,1,407,0.0,23.8,11,0,0,0.6,1.5,0.93,0.21,12.048039
Fer,López González,20,3,5.1,12,0,1,0,228,0.0,12.4,9,0,0,0.0,1.3,0.16,0.61,12.04486
Endo,Wataru,12,3,4.9,12,0,1,1,170,0.0,8.0,5,0,0,0.1,1.5,0.04,0.05,12.014343
Frank,Onyeka,5,3,4.8,12,0,2,0,88,0.0,4.6,2,0,0,0.0,2.0,0.0,0.36,11.998487
Jack,Harrison,11,3,5.1,12,0,0,0,262,0.0,11.5,5,0,0,0.0,1.1,0.28,0.23,11.910649
Max,Weiß,3,1,4.2,7,0,0,0,270,1.8,8.7,4,10,0,0.2,2.3,0.0,0.0,11.642586
Stefan,Ortega Moreno,16,1,4.7,11,0,0,1,270,0.0,6.9,4,8,0,0.2,3.7,0.0,0.01,11.015527
Luca,Netz,16,2,4.5,11,0,0,0,353,2.0,10.4,5,0,0,0.0,1.6,0.0,0.41,11.002411
John Victor,Maciel Furtado,16,1,4.0,11,0,0,1,437,0.0,5.7,8,6,0,0.3,2.2,0.0,0.0,10.984712
Ben,Gannon-Doak,4,3,4.8,11,0,1,0,105,0.5,8.9,1,0,0,0.0,1.4,0.26,0.13,10.950605
Mateo,Kovačić,13,3,5.8,9,0,1,0,125,1.4,11.5,3,0,0,0.0,1.5,0.13,0.42,10.585604
Facundo,Buonanotte,11,3,4.6,3,0,0,0,81,0.2,7.4,4,0,0,0.1,0.8,0.06,0.28,10.457374
Pedro,Cardoso de Lima,20,2,4.0,10,0,0,0,257,1.0,12.3,6,0,0,0.4,1.1,0.35,0.37,10.030002
Ben,Davies,18,2,4.3,10,1,0,0,136,0.0,14.2,3,0,1,0.1,3.3,0.49,0.07,10.024842
Ki-Jana,Hoever,20,2,3.8,10,0,0,0,423,0.0,20.3,13,0,0,0.8,1.2,0.02,0.36,9.994403
Diego,Coppola,6,2,4.2,10,0,0,1,193,0.0,4.8,3,0,0,0.0,2.0,0.0,0.01,9.987898
Filip,Jörgensen,7,1,4.3,9,0,0,0,378,0.8,7.9,5,8,0,0.2,1.8,0.0,0.0,9.020729
Lorenzo,Lucca,16,4,5.3,9,1,0,1,126,0.2,8.5,1,0,0,0.0,2.2,0.79,0.01,9.006371
Arnaud,Kalimuendo,16,4,6.0,9,0,0,0,89,0.0,6.3,3,0,0,0.1,1.0,0.44,0.02,8.997311
Andy,Irving,19,3,4.3,9,0,0,0,156,0.0,8.6,4,0,0,0.2,1.3,0.0,0.17,8.981107
Mohamadou,Kanté,19,3,4.5,9,0,0,0,67,0.2,4.0,1,0,0,0.0,0.8,0.07,0.04,8.905331
Levi,Samuels Colwill,7,2,4.7,8,0,0,0,225,2.0,8.0,4,0,0,0.2,2.7,0.0,0.12,8.033936
Alex,Tóth,4,3,4.9,8,0,0,0,135,0.5,9.6,3,0,0,0.0,0.9,0.11,0.33,8.014326
Guido,Rodríguez,19,3,4.8,8,0,0,1,175,0.0,1.7,2,0,0,0.0,1.3,0.03,0.04,7.969596
Tom,Edozie,20,3,4.3,8,1,0,0,12,0.2,5.8,0,0,0,0.4,2.7,0.23,0.0,7.956481
Ethan,Nwaneri,1,3,5.0,8,0,0,1,165,0.0,5.4,0,0,0,0.1,1.3,0.23,0.08,7.3867197
Benoît,Badiashile Mukinayi,7,2,4.4,7,0,0,0,470,0.0,11.4,10,0,0,0.0,0.9,0.0,0.06,7.033886
Walter,Benítez,8,1,3.9,7,0,0,1,90,0.0,2.3,0,3,0,0.3,7.0,0.0,0.0,6.990861
Christian,Nørgaard,1,3,5.1,7,0,0,0,101,0.2,4.0,1,0,0,0.1,1.0,0.08,0.04,6.9902244
Freddie,Woodman,12,1,3.9,6,0,0,0,212,0.5,8.4,4,9,0,0.3,2.0,0.0,0.0,6.018571
Jonah,Kusi-Asare,10,4,4.5,6,0,0,0,49,0.5,2.3,2,0,0,0.1,0.9,0.0,0.07,6.007951
Daniel,Bentley,20,1,3.9,6,0,0,0,270,1.0,6.5,7,7,0,0.5,2.0,0.0,0.0,6.000209
Trey,Nyoni,12,3,4.3,6,0,0,0,21,0.2,2.1,1,0,0,0.3,1.0,0.37,0.02,5.986952
Ezra,Mayers,19,2,4.0,6,0,0,0,113,0.0,6.6,3,0,0,0.0,1.0,0.12,0.49,5.9734626
Romelle,Donovan,5,3,4.4,4,0,0,0,38,0.0,4.2,0,0,0,0.1,1.0,0.09,0.01,5.927545
Igor Julio,dos Santos de Paulo,6,2,4.5,6,0,0,0,103,0.0,3.6,3,0,0,0.1,1.5,0.0,0.0,5.830671
Mike,Trésor Ndayishimiye,3,3,4.3,6,0,0,0,37,0.0,2.4,2,0,0,0.1,1.0,0.0,0.0,5.791188
Harvey,Elliott,2,3,5.1,5,0,0,0,110,0.0,7.4,2,0,0,0.2,1.0,0.29,0.08,5.1761413
Max,Alleyne,13,2,3.9,5,0,0,0,135,0.0,7.5,1,0,0,0.0,2.5,0.26,0.06,5.0182347
Andrés,García,2,2,3.9,5,0,0,0,83,0.2,2.3,3,0,0,0.2,0.8,0.0,0.01,5.0150156
Ashley,Barnes,3,4,4.2,5,0,0,0,40,0.0,4.8,3,0,0,1.2,0.9,0.25,0.04,5.009585
Tom,Watson,6,3,4.8,5,0,0,0,57,0.0,1.6,2,0,0,0.0,0.8,0.04,0.03,4.9992666
Séamus,Coleman,9,2,4.2,5,0,0,0,19,0.5,2.7,1,0,0,0.1,1.0,0.0,0.17,4.99791
Luis Guilherme,Lira dos Santos,19,3,4.9,5,0,0,0,121,0.0,2.5,2,0,0,0.0,1.0,0.07,0.03,4.9718866
Borna,Sosa,8,2,4.8,6,0,0,0,99,0.0,4.5,2,0,0,0.1,0.9,0.04,0.07,4.832396
Harry,Howell,6,3,4.5,4,0,0,0,92,0.0,1.8,2,0,0,0.0,1.3,0.0,0.03,4.037977
Hamed,Traorè,4,3,4.5,4,0,1,0,16,0.0,3.1,2,0,0,0.3,4.0,0.0,0.0,4.014201
Zeki,Amdouni,3,4,4.8,4,0,0,0,69,1.0,2.6,0,0,0,0.0,1.0,0.24,0.02,3.9859679
Romain,Esse,8,3,4.7,4,0,0,0,40,0.0,1.5,0,0,0,0.1,1.0,0.0,0.04,3.834978
James,Maddison,18,3,6.8,3,0,0,0,34,0.8,2.8,0,0,0,0.3,1.0,0.21,0.06,3.538211
Josh,Dasilva,5,3,4.9,2,0,0,0,2,0.5,1.6,0,0,0,0.0,1.0,0.08,0.0,3.2134838
Mamadou,Sarr,7,2,4.5,3,0,0,0,100,0.2,1.3,3,0,0,0.0,1.0,0.35,0.0,3.0254524
Nayef,Aguerd,19,2,4.4,3,0,0,0,180,0.0,5.1,8,0,0,0.0,1.5,0.1,0.03,3.0202792
Zach,Abbott,16,2,3.8,3,0,0,0,165,0.2,3.2,4,0,0,0.2,1.0,0.0,0.01,3.0131898
João Victor,de Souza Menezes,18,2,4.0,3,0,0,0,142,0.0,6.2,3,0,0,0.0,0.8,0.02,0.03,3.0098124
Jack,Fletcher,14,3,4.3,3,0,0,0,107,0.0,4.8,0,0,0,0.1,1.0,0.03,0.02,3.0090334
Alysson Edward Franco,da Rocha dos Santos,2,3,5.0,3,0,0,0,47,0.0,1.5,2,0,0,0.0,1.0,0.05,0.05,2.9675972
Shea,Lacey,14,3,4.5,3,0,0,0,40,0.2,1.7,0,0,0,0.0,1.0,0.1,0.01,2.9561706
Julio,Soler Barreto,4,2,3.9,3,0,0,0,34,0.0,0.6,2,0,0,0.2,1.0,0.0,0.0,2.9522874
Solly,March,6,3,5.8,4,0,0,0,38,0.8,3.2,1,0,0,0.0,1.0,0.04,0.02,2.5475333
Rio,Cardines,8,3,4.4,2,0,0,0,90,0.4,4.9,2,0,0,0.3,2.0,0.02,0.16,2.047757
Jenson,Seelt,17,2,4.0,2,0,0,0,133,0.0,3.6,2,0,0,0.1,1.0,0.0,0.01,2.0385163
Divine,Mukasa,13,3,4.4,2,0,0,0,25,0.0,3.7,0,0,0,0.0,1.0,0.0,0.21,2.022759
Kepa,Arrizabalaga Revuelta,1,1,4.0,2,0,0,0,90,0.5,2.0,1,2,0,0.4,2.0,0.0,0.0,2.0008101
Callum,Marshall,19,4,4.3,2,0,0,0,58,0.0,0.8,2,0,0,0.5,1.0,0.13,0.0,1.9865813
Sam,Byram,11,2,3.7,2,0,0,0,8,0.2,0.5,1,0,0,0.4,1.0,0.0,0.0,1.9634128
Tyler,Fletcher,14,3,4.4,2,0,0,0,17,0.2,0.3,0,0,0,0.0,1.0,0.0,0.01,1.8601696
Tawanda,Chirewa,20,3,4.3,2,0,0,0,25,0.0,0.4,0,0,0,0.2,1.0,0.0,0.0,1.8527353
Alex,Murphy,15,2,3.8,2,0,0,0,7,0.2,1.3,1,0,0,0.7,1.0,0.0,0.0,1.7880647
Jerome,Abbey,20,3,4.5,1,0,0,0,16,0.2,0.3,0,0,0,0.0,1.0,0.0,0.0,1.5536834
Tyrell,Malacia,14,2,3.7,3,0,0,0,15,0.2,0.9,1,0,0,0.6,1.0,0.0,0.0,1.5479248
Kaye,Furo,5,4,4.5,1,0,0,0,1,0.2,0.0,0,0,0,0.0,1.0,0.0,0.0,1.324057
George,Hemmings,2,3,4.5,2,0,0,0,25,0.0,0.3,0,0,0,0.0,1.0,0.04,0.01,1.3160917
Antoni,Milambo,5,3,5.2,1,0,0,0,45,0.0,0.6,3,0,0,0.0,1.0,0.0,0.01,1.2757769
Djiamgone Jocelin Ta,Bi,17,3,4.9,1,0,0,0,38,0.0,1.0,0,0,0,0.0,1.0,0.0,0.04,1.2231002
Patrick,Roberts,17,3,5.4,1,0,0,0,27,0.0,1.4,1,0,0,0.0,1.0,0.03,0.02,1.2222729
Jesse,Derry,7,3,4.5,1,0,0,0,45,0.2,3.6,2,0,0,0.0,1.0,0.1,0.02,1.1943539
Dane,Scarlett,18,4,4.3,2,0,0,0,7,0.0,0.7,0,0,0,0.5,1.0,0.0,0.01,1.1873544
Dário,Luís Essugo,7,3,4.3,1,0,0,0,26,0.0,1.6,1,0,0,0.1,0.3,0.0,0.01,1.1374784
Dan,Neil,17,3,4.8,3,0,0,0,13,0.0,0.4,0,0,0,0.0,1.0,0.0,0.0,1.1026851
Shumaira,Mheuka,7,4,4.5,1,0,0,0,1,0.5,0.2,0,0,0,0.0,1.0,0.0,0.0,1.0839702
Sean,Neave,15,4,4.3,1,0,0,0,13,0.2,0.5,1,0,0,0.3,1.0,0.03,0.0,1.07304
Joél,Drakes-Thomas,8,3,4.5,2,0,0,0,7,0.0,0.3,1,0,0,0.0,1.0,0.0,0.0,1.071266
Tyler,Fredricson,14,2,3.7,1,0,0,0,2,0.0,0.4,0,0,0,0.2,1.0,0.0,0.0,1.064055
Jamaal,Lascelles,15,2,4.3,1,0,0,0,19,0.0,1.7,2,0,0,0.0,0.5,0.04,0.0,1.0488497
Angus,Gunn,16,1,4.0,1,0,0,0,45,0.0,0.1,0,0,0,1.1,1.0,0.0,0.0,1.0393658
George,Earthy,19,3,4.5,1,0,0,0,8,0.0,0.4,1,0,0,0.0,1.0,0.0,0.01,1.036144
Kaden,Rodney,8,3,4.4,1,0,0,0,3,0.0,0.0,0,0,0,0.1,1.0,0.0,0.0,1.0331715
Joe,Knight,6,3,4.4,1,0,0,0,1,0.0,0.0,0,0,0,0.1,1.0,0.0,0.0,1.0331715
Jamaldeen,Jimoh-Aloba,2,3,4.5,1,0,0,0,8,0.0,0.1,0,0,0,0.1,1.0,0.0,0.0,1.0331715
Odsonne,Édouard,8,4,5.0,1,0,0,0,2,0.0,0.2,0,0,0,0.2,1.0,0.0,0.0,1.0328777
Hákon Rafn,Valdimarsson,5,1,3.8,1,0,0,0,90,0.0,1.3,3,1,0,1.0,1.0,0.0,0.0,1.0304527
Saša,Kalajdžić,20,4,4.9,1,0,0,0,14,0.0,0.7,0,0,0,0.0,1.0,0.0,0.01,1.0190649
Myles,Peart-Harris,5,3,4.4,1,0,0,0,1,0.0,0.0,0,0,0,0.0,1.0,0.0,0.0,1.0151834
Jaydon,Banel,3,3,4.5,1,0,0,0,9,0.0,0.0,0,0,0,0.0,1.0,0.0,0.0,1.0151834
Nehemiah,Oriola,6,3,4.5,1,0,0,0,1,0.0,0.0,0,0,0,0.0,1.0,0.0,0.0,1.0151834
Bradley,Burrowes,2,3,4.3,1,0,0,0,16,0.0,0.0,1,0,0,0.1,1.0,0.0,0.0,1.0071236
Callum,Olusesi,18,3,4.3,1,0,0,0,14,0.0,0.2,0,0,0,0.2,1.0,0.0,0.01,1.0052533
Ben,Winterburn,4,3,4.5,1,0,0,0,6,0.0,0.0,2,0,0,0.0,1.0,0.0,0.0,1.0013903
João Pedro,Ferreira da Silva,16,3,5.4,1,0,0,0,11,0.0,1.0,0,0,0,0.0,1.0,0.0,0.0,0.99914724
Bendito,Mantato,14,3,4.5,1,0,0,0,15,0.0,1.4,0,0,0,0.0,1.0,0.0,0.01,0.9905041
Jun'ai,Byfield,18,2,4.0,1,0,0,0,1,0.0,0.1,0,0,0,0.0,1.0,0.0,0.0,0.9858108
James,Rowswell,18,2,4.0,1,0,0,0,1,0.0,0.0,0,0,0,0.0,1.0,0.0,0.0,0.9858108
Arthur,Masuaku,17,2,3.9,1,0,0,0,125,0.0,4.9,2,0,0,0.5,0.3,0.07,0.08,0.98353416
Nathan,Fraser,20,4,4.2,0,0,0,0,0,0.0,0.0,0,0,0,1.7,0.0,0.0,0.0,0.06249429
Emil,Krafth,15,2,4.3,0,0,0,0,45,0.0,0.3,2,0,0,0.0,0.0,0.0,0.0,0.0495355
Tariq,Lamptey,6,2,4.4,0,0,0,0,0,0.0,0.0,0,0,0,0.1,0.0,0.0,0.0,0.021893917
Norberto,Murara Neto,4,1,4.5,0,0,0,0,0,0.0,0.0,0,0,0,0.1,0.0,0.0,0.0,0.01806181
Leander,Dendoncker,2,3,4.5,0,0,0,0,0,0.0,0.0,0,0,0,0.1,0.0,0.0,0.0,0.013716997
Romain,Faivre,4,3,4.5,0,0,0,0,0,0.0,0.0,0,0,0,0.1,0.0,0.0,0.0,0.013716997
Yunus Emre,Konak,5,3,4.3,0,0,0,0,0,0.0,0.0,0,0,0,0.1,0.0,0.0,0.0,0.013716997
Zain,Silcott-Duberry,4,3,4.4,0,0,0,0,0,0.0,0.0,0,0,0,0.1,0.0,0.0,0.0,0.013716997
Harrison,Jones,17,3,4.3,0,0,0,0,0,0.0,0.0,0,0,0,0.1,0.0,0.0,0.0,0.013716997
Asher,Agbinone,8,3,4.3,0,0,0,0,0,0.0,0.0,0,0,0,0.1,0.0,0.0,0.0,0.013716997
Callum,Bates,9,3,4.3,0,0,0,0,0,0.0,0.0,0,0,0,0.1,0.0,0.0,0.0,0.013716997
Ismeal,Kabia,1,3,4.5,0,0,0,0,0,0.0,0.0,0,0,0,0.1,0.0,0.0,0.0,0.013716997
Sékou,Koné,14,3,4.3,0,0,0,0,0,0.0,0.0,0,0,0,0.1,0.0,0.0,0.0,0.013716997
Lewis,Orford,19,3,4.4,0,0,0,0,0,0.0,0.0,0,0,0,0.1,0.0,0.0,0.0,0.013716997
Eric,da Silva Moreira,16,3,4.5,0,0,0,0,0,0.0,0.0,0,0,0,0.1,0.0,0.0,0.0,0.013716997
Diego,León Blanco,14,2,4.1,0,0,0,0,0,0.0,0.0,0,0,0,0.1,0.0,0.0,0.0,0.013243046
Manuel,Akanji,13,2,5.4,0,0,0,0,0,0.0,0.0,0,0,0,0.3,0.0,0.0,0.0,0.009986501
Adam,Aznou,9,2,4.2,0,0,0,0,0,0.0,0.0,0,0,0,0.1,0.0,0.0,0.0,0.009788392
Stephen,Mfuni,13,2,3.9,0,0,0,0,0,0.0,0.0,0,0,0,0.0,0.0,0.0,0.0,0.009757943
İlkay,Gündoğan,13,3,6.3,0,0,0,0,0,0.0,0.0,0,0,0,0.1,0.0,0.0,0.0,0.009043694
Antony,dos Santos,14,3,5.9,0,0,0,0,0,0.0,0.0,0,0,0,0.1,0.0,0.0,0.0,0.009043694
Christopher,Nkunku,7,3,5.9,0,0,0,0,0,0.0,0.0,0,0,0,0.1,0.0,0.0,0.0,0.009043694
Kalvin,Phillips,13,3,4.7,0,0,0,0,0,0.0,0.0,0,0,0,0.1,0.0,0.0,0.0,0.008851079
Kaelan,Casey,19,2,4.0,0,0,0,0,0,0.0,0.0,0,0,0,0.1,0.0,0.0,0.0,0.008440365
Benjamin,Fredrick,5,2,4.0,0,0,0,0,0,0.0,0.0,0,0,0,0.1,0.0,0.0,0.0,0.008440365
Jacob,Slater,6,2,4.0,0,0,0,0,0,0.0,0.0,0,0,0,0.1,0.0,0.0,0.0,0.008440365
Triston,Rowe,2,2,4.0,0,0,0,0,0,0.0,0.0,0,0,0,0.1,0.0,0.0,0.0,0.008440365
Elijah,Campbell,9,2,3.9,0,0,0,0,0,0.0,0.0,0,0,0,0.1,0.0,0.0,0.0,0.008440365
Yasin,Özcan,2,2,4.0,0,0,0,0,0,0.0,0.0,0,0,0,0.1,0.0,0.0,0.0,0.008440365
Niall,Huggins,17,2,4.0,0,0,0,0,0,0.0,0.0,0,0,0,0.1,0.0,0.0,0.0,0.008440365
Aarón,Anselmino,7,2,4.0,0,0,0,0,0,0.0,0.0,0,0,0,0.1,0.0,0.0,0.0,0.008440365
Chris,Mepham,4,2,4.0,0,0,0,0,0,0.0,0.0,0,0,0,0.1,0.0,0.0,0.0,0.008440365
Isaac,Schmidt,11,2,4.0,0,0,0,0,0,0.0,0.0,0,0,0,0.1,0.0,0.0,0.0,0.008440365
Maldini,Kacurri,1,2,3.9,0,0,0,0,0,0.0,0.0,0,0,0,0.1,0.0,0.0,0.0,0.008440365
Kim,Ji-soo,5,2,3.9,0,0,0,0,0,0.0,0.0,0,0,0,0.1,0.0,0.0,0.0,0.008440365
Harrison,Ashby,15,2,3.9,0,0,0,0,0,0.0,0.0,0,0,0,0.1,0.0,0.0,0.0,0.008440365
Harry,Amass,14,2,4.0,0,0,0,0,0,0.0,0.0,0,0,0,0.1,0.0,0.0,0.0,0.008440365
Jordan,Beyer,3,2,3.9,0,0,0,0,0,0.0,0.0,0,0,0,0.1,0.0,0.0,0.0,0.008440365
Matt,Targett,15,2,4.0,0,0,0,0,0,0.0,0.0,0,0,0,0.1,0.0,0.0,0.0,0.008440365
Lukasz,Fabianski,19,1,4.5,0,0,0,0,0,0.0,0.0,0,0,0,0.0,0.0,0.0,0.0,0.008349677
Mads,Roerslev Rasmussen,5,2,4.5,0,0,0,0,0,0.0,0.0,0,0,0,0.0,0.0,0.0,0.0,0.0076533714
Omar,Richards,16,2,4.5,0,0,0,0,0,0.0,0.0,0,0,0,0.0,0.0,0.0,0.0,0.0076533714
David,Mota Veiga Teixeira do Carmo,16,2,4.5,0,0,0,0,0,0.0,0.0,0,0,0,0.0,0.0,0.0,0.0,0.0076533714
Luis Eduardo,Soares da Silva,16,2,4.5,0,0,0,0,0,0.0,0.0,0,0,0,0.0,0.0,0.0,0.0,0.0076533714
Konstantinos,Tsimikas,12,2,4.8,0,0,0,0,0,0.0,0.0,0,0,0,0.0,0.0,0.0,0.0,0.0076533714
Emerson,Palmieri dos Santos,19,2,4.4,0,0,0,0,0,0.0,0.0,0,0,0,0.0,0.0,0.0,0.0,0.0076533714
Connor,Roberts,3,2,4.3,0,0,0,0,0,0.0,0.0,0,0,0,0.0,0.0,0.0,0.0,0.0076533714
Pervis,Estupiñán Tenorio,6,2,4.5,0,0,0,0,0,0.0,0.0,0,0,0,0.0,0.0,0.0,0.0,0.0076533714
Adam,Webster,6,2,4.4,0,0,0,0,0,0.0,0.0,0,0,0,0.0,0.0,0.0,0.0,0.0076533714
André,Onana,14,1,4.9,0,0,0,0,0,0.0,0.0,0,0,0,0.1,0.0,0.0,0.0,0.0062464857
Anthony,Patterson,17,1,4.2,0,0,0,0,0,0.0,0.0,0,0,0,0.1,0.0,0.0,0.0,0.0059562856
Mark,Travers,9,1,4.2,0,0,0,0,0,0.0,0.0,0,0,0,0.1,0.0,0.0,0.0,0.0059562856
Andreas,Hoelgebaum Pereira,10,3,5.3,0,0,0,0,0,0.0,0.0,0,0,0,0.1,0.0,0.0,0.0,0.0046417788
Matt,Turner,16,1,4.0,0,0,0,0,0,0.0,0.0,0,0,0,0.1,0.0,0.0,0.0,0.004608258
Alex,Paulsen,4,1,4.0,0,0,0,0,0,0.0,0.0,0,0,0,0.1,0.0,0.0,0.0,0.004608258
Václav,Hladký,3,1,3.9,0,0,0,0,0,0.0,0.0,0,0,0,0.1,0.0,0.0,0.0,0.004608258
Dermot,Mee,14,1,3.9,0,0,0,0,0,0.0,0.0,0,0,0,0.1,0.0,0.0,0.0,0.004608258
Blondy,Nna Noukeu,17,1,3.9,0,0,0,0,0,0.0,0.0,0,0,0,0.1,0.0,0.0,0.0,0.004608258
Remi,Matthews,8,1,3.9,0,0,0,0,0,0.0,0.0,0,0,0,0.1,0.0,0.0,0.0,0.004608258
Harry,Tyrer,9,1,3.9,0,0,0,0,0,0.0,0.0,0,0,0,0.1,0.0,0.0,0.0,0.004608258
Julian,Eyestone,5,1,3.9,0,0,0,0,0,0.0,0.0,0,0,0,0.1,0.0,0.0,0.0,0.004608258
Alex,Cairns,11,1,3.9,0,0,0,0,0,0.0,0.0,0,0,0,0.1,0.0,0.0,0.0,0.004608258
Matthew,Cox,5,1,3.9,0,0,0,0,0,0.0,0.0,0,0,0,0.1,0.0,0.0,0.0,0.004608258
Carlos Miguel,dos Santos Pereira,16,1,4.0,0,0,0,0,0,0.0,0.0,0,0,0,0.1,0.0,0.0,0.0,0.004608258
Mark,Gillespie,15,1,3.9,0,0,0,0,0,0.0,0.0,0,0,0,0.1,0.0,0.0,0.0,0.004608258
Joe,Gauci,2,1,4.0,0,0,0,0,0,0.0,0.0,0,0,0,0.1,0.0,0.0,0.0,0.004608258
Samuel,Amissah,10,2,3.8,0,0,0,0,0,0.0,0.0,0,0,0,0.1,0.0,0.0,0.0,0.0037120983
Reece,Welch,9,2,3.8,0,0,0,0,0,0.0,0.0,0,0,0,0.1,0.0,0.0,0.0,0.0037120983
Marcus,Bettinelli,13,1,3.8,0,0,0,0,0,0.0,0.0,0,0,0,0.4,0.0,0.0,0.0,0.0018790172
Brayden,Clarke,1,2,3.7,0,0,0,0,0,0.0,0.0,0,0,0,0.5,0.0,0.0,0.0,0.0017729196
Miodrag,Pivaš,15,2,3.8,0,0,0,0,0,0.0,0.0,0,0,0,0.4,0.0,0.0,0.0,0.0017729196
Calvin,Ramsay,12,2,3.7,0,0,0,0,0,0.0,0.0,0,0,0,0.3,0.0,0.0,0.0,0.0017729196
Willy,Boly,16,2,3.8,0,0,0,0,0,0.0,0.0,0,0,0,0.3,0.0,0.0,0.0,0.0017729196
Julián,Araujo Zúñiga,4,2,3.8,0,0,0,0,0,0.0,0.0,0,0,0,0.5,0.0,0.0,0.0,0.0017729196
Rhys,Williams,12,2,3.7,0,0,0,0,0,0.0,0.0,0,0,0,0.5,0.0,0.0,0.0,0.0017729196
Joe,Anderson,17,2,3.8,0,0,0,0,0,0.0,0.0,0,0,0,0.3,0.0,0.0,0.0,0.0017729196
Jakub,Kiwior,1,2,5.4,0,0,0,0,0,0.0,0.0,0,0,0,0.0,0.0,0.0,0.0,0.0013320007
Owen,Bevan,4,2,3.8,0,0,0,0,0,0.0,0.0,0,0,0,0.2,0.0,0.0,0.0,0.0012539885
Josh,Nichols,1,2,3.7,0,0,0,0,0,0.0,0.0,0,0,0,0.2,0.0,0.0,0.0,0.0012539885
Hannes,Delcroix,3,2,3.8,0,0,0,0,0,0.0,0.0,0,0,0,0.2,0.0,0.0,0.0,0.0012539885
Zak,Johnson,17,2,3.8,0,0,0,0,0,0.0,0.0,0,0,0,0.2,0.0,0.0,0.0,0.0012539885
Lino,da Cruz Sousa,2,2,3.8,0,0,0,0,0,0.0,0.0,0,0,0,0.2,0.0,0.0,0.0,0.0012539885
Benjamin,Arthur,5,2,3.8,0,0,0,0,0,0.0,0.0,0,0,0,0.2,0.0,0.0,0.0,0.0012539885
Charlie,Tasker,6,2,3.8,0,0,0,0,0,0.0,0.0,0,0,0,0.2,0.0,0.0,0.0,0.0012539885
Roman,Dixon,9,2,3.8,0,0,0,0,0,0.0,0.0,0,0,0,0.2,0.0,0.0,0.0,0.0012539885
Matai,Akinmboni,4,2,3.8,0,0,0,0,0,0.0,0.0,0,0,0,0.2,0.0,0.0,0.0,0.0012539885
Son,Heung-min,18,3,8.5,0,0,0,0,0,0.0,0.0,0,0,0,0.1,0.0,0.0,0.0,0.0012040568
Illan,Meslier,11,1,4.1,0,0,0,0,0,0.0,0.0,0,0,0,0.3,0.0,0.0,0.0,0.0010609082
Illia,Zabarnyi,4,2,5.0,0,0,0,0,0,0.0,0.0,0,0,0,0.0,0.0,0.0,0.0,0.0010023079
Giovanni,Leoni,12,2,4.9,0,0,0,0,0,0.0,0.0,0,0,0,0.0,0.0,0.0,0.0,0.0010023079
Vitor,de Oliveira Nunes dos Reis,13,2,5.0,0,0,0,0,0,0.0,0.0,0,0,0,0.0,0.0,0.0,0.0,0.0010023079
Gabriel,Słonina,7,1,3.8,0,0,0,0,0,0.0,0.0,0,0,0,0.1,0.0,0.0,0.0,-0.000120008044
Manor,Solomon,18,3,5.4,0,0,0,0,0,0.0,0.0,0,0,0,0.0,0.0,0.0,0.0,-0.00050821004
Abdallah,Sima,6,3,5.4,0,0,0,0,0,0.0,0.0,0,0,0,0.0,0.0,0.0,0.0,-0.00050821004
Julio,Enciso Espínola,6,3,5.4,0,0,0,0,0,0.0,0.0,0,0,0,0.0,0.0,0.0,0.0,-0.00050821004
Fábio,Ferreira Vieira,1,3,5.4,0,0,0,0,0,0.0,0.0,0,0,0,0.0,0.0,0.0,0.0,-0.00050821004
Samuel,Iling-Junior,2,3,5.5,0,0,0,0,0,0.0,0.0,0,0,0,0.0,0.0,0.0,0.0,-0.00050821004
Manuel,Benson Hedilazio,3,3,5.4,0,0,0,0,0,0.0,0.0,0,0,0,0.0,0.0,0.0,0.0,-0.00050821004
Dejan,Kulusevski,18,3,6.4,0,0,0,0,0,0.0,0.0,0,0,0,0.0,0.0,0.0,0.0,-0.00050821004
Marcus,Rashford,14,3,7.0,0,0,0,0,0,0.0,0.0,0,0,0,0.0,0.0,0.0,0.0,-0.00050821004
Claudio,Echeverri,13,3,5.4,0,0,0,0,0,0.0,0.0,0,0,0,0.0,0.0,0.0,0.0,-0.00050821004
Gonçalo Manuel,Ganchinho Guedes,20,3,5.5,0,0,0,0,0,0.0,0.0,0,0,0,0.0,0.0,0.0,0.0,-0.00050821004
Ellery,Balcombe,5,1,3.9,0,0,0,0,0,0.0,0.0,0,0,0,0.2,0.0,0.0,0.0,-0.000963439
Krisztián,Hegyi,19,1,3.9,0,0,0,0,0,0.0,0.0,0,0,0,0.2,0.0,0.0,0.0,-0.000963439
Wes,Foderingham,19,1,4.0,0,0,0,0,0,0.0,0.0,0,0,0,0.2,0.0,0.0,0.0,-0.000963439
Tommy,Setford,1,1,3.9,0,0,0,0,0,0.0,0.0,0,0,0,0.2,0.0,0.0,0.0,-0.000963439
Karl,Hein,1,1,4.0,0,0,0,0,0,0.0,0.0,0,0,0,0.2,0.0,0.0,0.0,-0.000963439
Callan,McKenna,4,1,3.9,0,0,0,0,0,0.0,0.0,0,0,0,0.2,0.0,0.0,0.0,-0.000963439
Etienne,Green,3,1,4.0,0,0,0,0,0,0.0,0.0,0,0,0,0.2,0.0,0.0,0.0,-0.000963439
Oliver,Pimlott,3,3,4.5,0,0,0,0,0,0.0,0.0,0,0,0,0.0,0.0,0.0,0.0,-0.0009991623
Oluwaseun,Adewumi,3,3,4.5,0,0,0,0,0,0.0,0.0,0,0,0,0.0,0.0,0.0,0.0,-0.0009991623
Kieran,Morrison,12,3,4.5,0,0,0,0,0,0.0,0.0,0,0,0,0.0,0.0,0.0,0.0,-0.0009991623
James,McConnell,12,3,4.4,0,0,0,0,0,0.0,0.0,0,0,0,0.0,0.0,0.0,0.0,-0.0009991623
Luke,Harris,10,3,4.5,0,0,0,0,0,0.0,0.0,0,0,0,0.0,0.0,0.0,0.0,-0.0009991623
Sam,Alabi,15,3,4.5,0,0,0,0,0,0.0,0.0,0,0,0,0.0,0.0,0.0,0.0,-0.0009991623
Kian,McMahon-Brown,3,3,4.5,0,0,0,0,0,0.0,0.0,0,0,0,0.0,0.0,0.0,0.0,-0.0009991623
Rhys,Chadwick,11,3,4.5,0,0,0,0,0,0.0,0.0,0,0,0,0.0,0.0,0.0,0.0,-0.0009991623
Jenson,Metcalfe,9,3,4.5,0,0,0,0,0,0.0,0.0,0,0,0,0.0,0.0,0.0,0.0,-0.0009991623
Tyler,Onyango,9,3,4.5,0,0,0,0,0,0.0,0.0,0,0,0,0.0,0.0,0.0,0.0,-0.0009991623
Tymur,Tutierov,17,3,4.5,0,0,0,0,0,0.0,0.0,0,0,0,0.0,0.0,0.0,0.0,-0.0009991623
Charlie,Stevens,4,3,4.5,0,0,0,0,0,0.0,0.0,0,0,0,0.0,0.0,0.0,0.0,-0.0009991623
Ian,Poveda-Ocampo,17,3,4.7,0,0,0,0,0,0.0,0.0,0,0,0,0.0,0.0,0.0,0.0,-0.0009991623
Nectarios,Triantis,17,3,4.4,0,0,0,0,0,0.0,0.0,0,0,0,0.0,0.0,0.0,0.0,-0.0009991623
Malcom,DaCosta,4,3,4.5,0,0,0,0,0,0.0,0.0,0,0,0,0.0,0.0,0.0,0.0,-0.0009991623
Paris,Maghoma,5,3,4.5,0,0,0,0,0,0.0,0.0,0,0,0,0.0,0.0,0.0,0.0,-0.0009991623
Rio,Kyerematen,18,3,4.5,0,0,0,0,0,0.0,0.0,0,0,0,0.0,0.0,0.0,0.0,-0.0009991623
Lucá,Williams-Barnett,18,3,4.5,0,0,0,0,0,0.0,0.0,0,0,0,0.0,0.0,0.0,0.0,-0.0009991623
Matheus,França de Oliveira,8,3,4.5,0,0,0,0,0,0.0,0.0,0,0,0,0.0,0.0,0.0,0.0,-0.0009991623
Jaydon,Jones,17,3,4.5,0,0,0,0,0,0.0,0.0,0,0,0,0.0,0.0,0.0,0.0,-0.0009991623
Ryan,Kavuma-McQueen,7,3,4.5,0,0,0,0,0,0.0,0.0,0,0,0,0.0,0.0,0.0,0.0,-0.0009991623
Landon,Emenalo,7,3,4.5,0,0,0,0,0,0.0,0.0,0,0,0,0.0,0.0,0.0,0.0,-0.0009991623
Ryan,Trevitt,5,3,4.5,0,0,0,0,0,0.0,0.0,0,0,0,0.0,0.0,0.0,0.0,-0.0009991623
Mathis,Eboué,7,3,4.5,0,0,0,0,0,0.0,0.0,0,0,0,0.0,0.0,0.0,0.0,-0.0009991623
Kendry,Páez Andrade,7,3,4.5,0,0,0,0,0,0.0,0.0,0,0,0,0.0,0.0,0.0,0.0,-0.0009991623
Andrew,Moran,6,3,4.5,0,0,0,0,0,0.0,0.0,0,0,0,0.0,0.0,0.0,0.0,-0.0009991623
Adrian,Mazilu,6,3,4.5,0,0,0,0,0,0.0,0.0,0,0,0,0.0,0.0,0.0,0.0,-0.0009991623
Albert,Sambi Lokonga,1,3,4.5,0,0,0,0,0,0.0,0.0,0,0,0,0.0,0.0,0.0,0.0,-0.0009991623
David,Ozoh,8,3,4.5,0,0,0,0,0,0.0,0.0,0,0,0,0.0,0.0,0.0,0.0,-0.0009991623
Malcolm,Ebiowei,8,3,4.5,0,0,0,0,0,0.0,0.0,0,0,0,0.0,0.0,0.0,0.0,-0.0009991623
Jesurun,Rak-Sakyi,8,3,4.4,0,0,0,0,0,0.0,0.0,0,0,0,0.0,0.0,0.0,0.0,-0.0009991623
Naouirou,Ahamada,8,3,4.3,0,0,0,0,0,0.0,0.0,0,0,0,0.0,0.0,0.0,0.0,-0.0009991623
Riley,Owen,5,3,4.5,0,0,0,0,0,0.0,0.0,0,0,0,0.0,0.0,0.0,0.0,-0.0009991623
Luka,Bentt,5,3,4.5,0,0,0,0,0,0.0,0.0,0,0,0,0.0,0.0,0.0,0.0,-0.0009991623
Andre,Harriman-Annous,1,3,4.4,0,0,0,0,0,0.0,0.0,0,0,0,0.0,0.0,0.0,0.0,-0.0009991623
Yusuf,Akhamrich,18,3,4.5,0,0,0,0,0,0.0,0.0,0,0,0,0.0,0.0,0.0,0.0,-0.0009991623
Yang,Min-hyeok,18,3,4.5,0,0,0,0,0,0.0,0.0,0,0,0,0.0,0.0,0.0,0.0,-0.0009991623
Coby,Ebere,9,3,4.4,0,0,0,0,0,0.0,0.0,0,0,0,0.0,0.0,0.0,0.0,-0.0009991623
Isaac,Heath,9,3,4.5,0,0,0,0,0,0.0,0.0,0,0,0,0.0,0.0,0.0,0.0,-0.0009991623
Pierre,Ekwah Elimby,17,3,4.5,0,0,0,0,0,0.0,0.0,0,0,0,0.0,0.0,0.0,0.0,-0.0009991623
Sam,Chambers,11,3,4.4,0,0,0,0,0,0.0,0.0,0,0,0,0.0,0.0,0.0,0.0,-0.0009991623
Dominic,Sadi,4,3,4.5,0,0,0,0,0,0.0,0.0,0,0,0,0.0,0.0,0.0,0.0,-0.0009991623
Joe,Gelhardt,11,3,4.5,0,0,0,0,0,0.0,0.0,0,0,0,0.0,0.0,0.0,0.0,-0.0009991623
Charlie,Crew,11,3,4.5,0,0,0,0,0,0.0,0.0,0,0,0,0.0,0.0,0.0,0.0,-0.0009991623
Martial,Godo,10,3,4.5,0,0,0,0,0,0.0,0.0,0,0,0,0.0,0.0,0.0,0.0,-0.0009991623
Darko,Gyabi,11,3,4.5,0,0,0,0,0,0.0,0.0,0,0,0,0.0,0.0,0.0,0.0,-0.0009991623
Seth,Ridgeon,10,3,4.5,0,0,0,0,0,0.0,0.0,0,0,0,0.0,0.0,0.0,0.0,-0.0009991623
Archie,Whitehall,16,3,4.5,0,0,0,0,0,0.0,0.0,0,0,0,0.0,0.0,0.0,0.0,-0.0009991623
Marko,Stamenić,16,3,4.5,0,0,0,0,0,0.0,0.0,0,0,0,0.0,0.0,0.0,0.0,-0.0009991623
Tyler,Morton,12,3,4.5,0,0,0,0,0,0.0,0.0,0,0,0,0.0,0.0,0.0,0.0,-0.0009991623
Alfie,Cresswell,11,3,4.5,0,0,0,0,0,0.0,0.0,0,0,0,0.0,0.0,0.0,0.0,-0.0009991623
Jimmy,Sinclair,16,3,4.5,0,0,0,0,0,0.0,0.0,0,0,0,0.0,0.0,0.0,0.0,-0.0009991623
Isaac,Hayden,15,3,4.5,0,0,0,0,0,0.0,0.0,0,0,0,0.0,0.0,0.0,0.0,-0.0009991623
Garang,Kuol,15,3,4.4,0,0,0,0,0,0.0,0.0,0,0,0,0.0,0.0,0.0,0.0,-0.0009991623
Joe,White,15,3,4.5,0,0,0,0,0,0.0,0.0,0,0,0,0.0,0.0,0.0,0.0,-0.0009991623
Reigan,Heskey,13,3,4.5,0,0,0,0,0,0.0,0.0,0,0,0,0.0,0.0,0.0,0.0,-0.0009991623
Ryan,McAidoo,13,3,4.5,0,0,0,0,0,0.0,0.0,0,0,0,0.0,0.0,0.0,0.0,-0.0009991623
George,Brierley,3,3,4.5,0,0,0,0,0,0.0,0.0,0,0,0,0.0,0.0,0.0,0.0,-0.0009991623
Charlie,Gray,13,3,4.5,0,0,0,0,0,0.0,0.0,0,0,0,0.0,0.0,0.0,0.0,-0.0009991623
Luke,Rawlings,20,3,4.5,0,0,0,0,0,0.0,0.0,0,0,0,0.0,0.0,0.0,0.0,-0.0009991623
Ethan,Sutherland,20,3,4.5,0,0,0,0,0,0.0,0.0,0,0,0,0.0,0.0,0.0,0.0,-0.0009991623
Jim,Thwaites,14,3,4.5,0,0,0,0,0,0.0,0.0,0,0,0,0.0,0.0,0.0,0.0,-0.0009991623
Jack,Moorhouse,14,3,4.5,0,0,0,0,0,0.0,0.0,0,0,0,0.0,0.0,0.0,0.0,-0.0009991623
Jayce,Fitzgerald,14,3,4.3,0,0,0,0,0,0.0,0.0,0,0,0,0.0,0.0,0.0,0.0,-0.0009991623
Enock,Agyei,3,3,4.7,0,0,0,0,0,0.0,0.0,0,0,0,0.0,0.0,0.0,0.0,-0.0009991623
Toby,Collyer,14,3,4.5,0,0,0,0,0,0.0,0.0,0,0,0,0.0,0.0,0.0,0.0,-0.0009991623
Temple,Ojinnaka,20,3,4.5,0,0,0,0,0,0.0,0.0,0,0,0,0.0,0.0,0.0,0.0,-0.0009991623
Joe,Hodge,20,3,4.5,0,0,0,0,0,0.0,0.0,0,0,0,0.0,0.0,0.0,0.0,-0.0009991623
Alan,Browne,17,3,4.5,0,0,0,0,0,0.0,0.0,0,0,0,0.0,0.0,0.0,0.0,-0.0009991623
Jack,Whittaker,17,3,4.5,0,0,0,0,0,0.0,0.0,0,0,0,0.0,0.0,0.0,0.0,-0.0009991623
Franco,Umeh-Chibueze,8,3,4.5,0,0,0,0,0,0.0,0.0,0,0,0,0.0,0.0,0.0,0.0,-0.0009991623
Travis,Patterson,2,2,3.9,0,0,0,0,0,0.0,0.0,0,0,0,0.2,0.0,0.0,0.0,-0.0010695368
Martin,Sherif,9,4,4.4,0,0,0,0,0,0.0,0.0,0,0,0,0.1,0.0,0.0,0.0,-0.0012801248
Nazarii,Rusyn,17,4,4.4,0,0,0,0,0,0.0,0.0,0,0,0,0.1,0.0,0.0,0.0,-0.0012801248
Luís Hemir,Silva Semedo,17,4,4.4,0,0,0,0,0,0.0,0.0,0,0,0,0.1,0.0,0.0,0.0,-0.0012801248
Ethan,Wheatley,14,4,4.5,0,0,0,0,0,0.0,0.0,0,0,0,0.1,0.0,0.0,0.0,-0.0012801248
Jayden,Danns,12,4,4.3,0,0,0,0,0,0.0,0.0,0,0,0,0.1,0.0,0.0,0.0,-0.0012801248
Harry,Gray,11,4,4.5,0,0,0,0,0,0.0,0.0,0,0,0,0.1,0.0,0.0,0.0,-0.0012801248
Michael,Obafemi,3,4,4.4,0,0,0,0,0,0.0,0.0,0,0,0,0.1,0.0,0.0,0.0,-0.0012801248
Daniel,Adu-Adjei,4,4,4.4,0,0,0,0,0,0.0,0.0,0,0,0,0.1,0.0,0.0,0.0,-0.0012801248
Alfie,Brooks,20,1,4.0,0,0,0,0,0,0.0,0.0,0,0,0,0.0,0.0,0.0,0.0,-0.0014872409
Finlay,Herrick,19,1,4.0,0,0,0,0,0,0.0,0.0,0,0,0,0.0,0.0,0.0,0.0,-0.0014872409
Josh,Gracey,20,1,4.0,0,0,0,0,0,0.0,0.0,0,0,0,0.0,0.0,0.0,0.0,-0.0014872409
Teddy,Sharman-Lowe,7,1,4.0,0,0,0,0,0,0.0,0.0,0,0,0,0.0,0.0,0.0,0.0,-0.0014872409
Max,Merrick,7,1,4.0,0,0,0,0,0,0.0,0.0,0,0,0,0.0,0.0,0.0,0.0,-0.0014872409
Fraser,Forster,4,1,4.0,0,0,0,0,0,0.0,0.0,0,0,0,0.0,0.0,0.0,0.0,-0.0014872409
Ronnie,Hollingshead,2,1,4.0,0,0,0,0,0,0.0,0.0,0,0,0,0.0,0.0,0.0,0.0,-0.0014872409
Alfie,McNally,10,1,4.0,0,0,0,0,0,0.0,0.0,0,0,0,0.0,0.0,0.0,0.0,-0.0014872409
John,Ruddy,15,1,4.0,0,0,0,0,0,0.0,0.0,0,0,0,0.0,0.0,0.0,0.0,-0.0014872409
Odysseas,Vlachodimos,15,1,4.0,0,0,0,0,0,0.0,0.0,0,0,0,0.0,0.0,0.0,0.0,-0.0014872409
Elyh,Harrison,14,1,4.0,0,0,0,0,0,0.0,0.0,0,0,0,0.0,0.0,0.0,0.0,-0.0014872409
Filip,Marschall,2,1,4.0,0,0,0,0,0,0.0,0.0,0,0,0,0.0,0.0,0.0,0.0,-0.0014872409
Carl,Rushworth,6,1,4.0,0,0,0,0,0,0.0,0.0,0,0,0,0.0,0.0,0.0,0.0,-0.0014872409
Mike,Penders,7,1,4.0,0,0,0,0,0,0.0,0.0,0,0,0,0.0,0.0,0.0,0.0,-0.0014872409
Christos,Mandas,4,1,4.0,0,0,0,0,0,0.0,0.0,0,0,0,0.0,0.0,0.0,0.0,-0.0014872409
Steven,Benda,10,1,4.0,0,0,0,0,0,0.0,0.0,0,0,0,0.0,0.0,0.0,0.0,-0.0014872409
Kjell,Scherpen,6,1,4.0,0,0,0,0,0,0.0,0.0,0,0,0,0.0,0.0,0.0,0.0,-0.0014872409
Ollie,Shield,5,2,4.0,0,0,0,0,0,0.0,0.0,0,0,0,0.0,0.0,0.0,0.0,-0.0021835482
Eiran,Cashin,6,2,4.0,0,0,0,0,0,0.0,0.0,0,0,0,0.0,0.0,0.0,0.0,-0.0021835482
Marli,Salmon,1,2,4.0,0,0,0,0,0,0.0,0.0,0,0,0,0.0,0.0,0.0,0.0,-0.0021835482
Leo Fuhr,Hjelde,17,2,4.0,0,0,0,0,0,0.0,0.0,0,0,0,0.0,0.0,0.0,0.0,-0.0021835482
Aji,Alese,17,2,4.0,0,0,0,0,0,0.0,0.0,0,0,0,0.0,0.0,0.0,0.0,-0.0021835482
Ashley,Phillips,18,2,4.0,0,0,0,0,0,0.0,0.0,0,0,0,0.0,0.0,0.0,0.0,-0.0021835482
Jayden,Meghoma,5,2,4.0,0,0,0,0,0,0.0,0.0,0,0,0,0.0,0.0,0.0,0.0,-0.0021835482
George,King,8,2,4.0,0,0,0,0,0,0.0,0.0,0,0,0,0.0,0.0,0.0,0.0,-0.0021835482
Owen,Dodgson,3,2,4.0,0,0,0,0,0,0.0,0.0,0,0,0,0.0,0.0,0.0,0.0,-0.0021835482
Jayden,Lienou,11,2,4.0,0,0,0,0,0,0.0,0.0,0,0,0,0.0,0.0,0.0,0.0,-0.0021835482
Leo,Shahar,15,2,4.0,0,0,0,0,0,0.0,0.0,0,0,0,0.0,0.0,0.0,0.0,-0.0021835482
Talla,Ndiaye,12,2,4.0,0,0,0,0,0,0.0,0.0,0,0,0,0.0,0.0,0.0,0.0,-0.0021835482
Wellity,Lucky,12,2,4.0,0,0,0,0,0,0.0,0.0,0,0,0,0.0,0.0,0.0,0.0,-0.0021835482
Saheed,Olagunju,20,2,4.0,0,0,0,0,0,0.0,0.0,0,0,0,0.0,0.0,0.0,0.0,-0.0021835482
Bastien,Meupiyou Menadjou,20,2,4.0,0,0,0,0,0,0.0,0.0,0,0,0,0.0,0.0,0.0,0.0,-0.0021835482
Godwill,Kukonki,14,2,4.0,0,0,0,0,0,0.0,0.0,0,0,0,0.0,0.0,0.0,0.0,-0.0021835482
Shurandy,Sambo,3,2,4.0,0,0,0,0,0,0.0,0.0,0,0,0,0.0,0.0,0.0,0.0,-0.0021835482
TJ,Carroll,2,2,4.0,0,0,0,0,0,0.0,0.0,0,0,0,0.0,0.0,0.0,0.0,-0.0021835482
Leon,Routh,2,2,4.0,0,0,0,0,0,0.0,0.0,0,0,0,0.0,0.0,0.0,0.0,-0.0021835482
Danny,Imray,8,2,4.0,0,0,0,0,0,0.0,0.0,0,0,0,0.0,0.0,0.0,0.0,-0.0021835482
Conor,McManus,5,2,4.0,0,0,0,0,0,0.0,0.0,0,0,0,0.0,0.0,0.0,0.0,-0.0021835482
Joshua,Stephenson,5,2,4.0,0,0,0,0,0,0.0,0.0,0,0,0,0.0,0.0,0.0,0.0,-0.0021835482
Rob,Holding,8,2,4.0,0,0,0,0,0,0.0,0.0,0,0,0,0.0,0.0,0.0,0.0,-0.0021835482
Caleb,Kporha,8,2,4.0,0,0,0,0,0,0.0,0.0,0,0,0,0.0,0.0,0.0,0.0,-0.0021835482
Dean,Benamar,8,2,4.0,0,0,0,0,0,0.0,0.0,0,0,0,0.0,0.0,0.0,0.0,-0.0021835482
Jenson,Jones,17,2,4.0,0,0,0,0,0,0.0,0.0,0,0,0,0.0,0.0,0.0,0.0,-0.0021835482
Takai,Kōta,18,2,4.0,0,0,0,0,0,0.0,0.0,0,0,0,0.0,0.0,0.0,0.0,-0.0021835482
Airidas,Golambeckis,19,2,4.0,0,0,0,0,0,0.0,0.0,0,0,0,0.0,0.0,0.0,0.0,-0.0021835482
Freddie,Simmonds,6,2,4.0,0,0,0,0,0,0.0,0.0,0,0,0,0.0,0.0,0.0,0.0,-0.0021835482
Remy,Rees-Dottin,4,3,4.3,0,0,0,0,0,0.0,0.0,0,0,0,0.2,0.0,0.0,0.0,-0.0031102004
Jay,Matete,17,3,4.3,0,0,0,0,0,0.0,0.0,0,0,0,0.2,0.0,0.0,0.0,-0.0031102004
Ben,Broggio,2,3,4.4,0,0,0,0,0,0.0,0.0,0,0,0,0.2,0.0,0.0,0.0,-0.0031102004
Luis,Díaz Marulanda,12,3,8.0,0,0,0,0,0,0.0,0.0,0,0,0,0.0,0.0,0.0,0.0,-0.003255162
Jason,Steele,6,1,4.2,0,0,0,0,0,0.0,0.0,0,0,0,0.2,0.0,0.0,0.0,-0.003638428
Simon,Moore,17,1,3.9,0,0,0,0,0,0.0,0.0,0,0,0,0.3,0.0,0.0,0.0,-0.0037417745
Brandon,Austin,18,1,3.9,0,0,0,0,0,0.0,0.0,0,0,0,0.3,0.0,0.0,0.0,-0.0037417745
Tom,McGill,6,1,3.9,0,0,0,0,0,0.0,0.0,0,0,0,0.3,0.0,0.0,0.0,-0.0037417745
Timothée,Pembélé,17,2,3.9,0,0,0,0,0,0.0,0.0,0,0,0,0.3,0.0,0.0,0.0,-0.0038478726
Luka,Vušković,18,2,3.9,0,0,0,0,0,0.0,0.0,0,0,0,0.3,0.0,0.0,0.0,-0.0038478726
Ederson,Santana de Moraes,13,1,5.3,0,0,0,0,0,0.0,0.0,0,0,0,0.8,0.0,0.0,0.0,-0.0048006675
Boubacar,Traoré,20,3,5.0,0,0,0,0,0,0.0,0.0,0,0,0,0.0,0.0,0.0,0.0,-0.004910126
Edson,Álvarez Velázquez,19,3,4.9,0,0,0,0,0,0.0,0.0,0,0,0,0.0,0.0,0.0,0.0,-0.004910126
Malick,Yalcouyé,6,3,5.0,0,0,0,0,0,0.0,0.0,0,0,0,0.0,0.0,0.0,0.0,-0.004910126
Mikey,Moore,18,3,5.0,0,0,0,0,0,0.0,0.0,0,0,0,0.0,0.0,0.0,0.0,-0.004910126
Lewis,Dobbin,2,3,5.0,0,0,0,0,0,0.0,0.0,0,0,0,0.0,0.0,0.0,0.0,-0.004910126
Milan,Aleksić,17,3,4.9,0,0,0,0,0,0.0,0.0,0,0,0,0.0,0.0,0.0,0.0,-0.004910126
Bryan,Gil Salvatierra,18,3,4.9,0,0,0,0,0,0.0,0.0,0,0,0,0.0,0.0,0.0,0.0,-0.004910126
Enzo,Barrenechea,2,3,5.0,0,0,0,0,0,0.0,0.0,0,0,0,0.0,0.0,0.0,0.0,-0.004910126
Cheick,Doucouré,8,3,4.9,0,0,0,0,0,0.0,0.0,0,0,0,0.0,0.0,0.0,0.0,-0.004910126
Keiber,Lamadrid,19,3,5.0,0,0,0,0,0,0.0,0.0,0,0,0,0.0,0.0,0.0,0.0,-0.004910126
Gustavo,Nunes Fernandes Gomes,5,3,4.9,0,0,0,0,0,0.0,0.0,0,0,0,0.0,0.0,0.0,0.0,-0.004910126
Jeremy,Sarmiento Morante,6,3,4.9,0,0,0,0,0,0.0,0.0,0,0,0,0.0,0.0,0.0,0.0,-0.004910126
Mykhailo,Mudryk,7,3,4.9,0,0,0,0,0,0.0,0.0,0,0,0,0.0,0.0,0.0,0.0,-0.004910126
Maxwel,Cornet,19,3,4.9,0,0,0,0,0,0.0,0.0,0,0,0,0.0,0.0,0.0,0.0,-0.004910126
Antoñito,Cordero Campillo,15,3,4.9,0,0,0,0,0,0.0,0.0,0,0,0,0.0,0.0,0.0,0.0,-0.004910126
Sverre,Nypan,13,3,5.0,0,0,0,0,0,0.0,0.0,0,0,0,0.0,0.0,0.0,0.0,-0.004910126
Sam,Greenwood,11,3,4.9,0,0,0,0,0,0.0,0.0,0,0,0,0.0,0.0,0.0,0.0,-0.004910126
Largie,Ramazani,11,3,4.9,0,0,0,0,0,0.0,0.0,0,0,0,0.0,0.0,0.0,0.0,-0.004910126
Darko,Churlinov,3,3,4.9,0,0,0,0,0,0.0,0.0,0,0,0,0.0,0.0,0.0,0.0,-0.004910126
Lewis,O'Brien,16,3,5.0,0,0,0,0,0,0.0,0.0,0,0,0,0.0,0.0,0.0,0.0,-0.004910126
Luis,Sinisterra Lucumí,4,3,5.0,0,0,0,0,0,0.0,0.0,0,0,0,0.0,0.0,0.0,0.0,-0.004910126
Luca,Koleosho,3,3,5.0,0,0,0,0,0,0.0,0.0,0,0,0,0.0,0.0,0.0,0.0,-0.004910126
Philip,Billing,4,3,4.9,0,0,0,0,0,0.0,0.0,0,0,0,0.0,0.0,0.0,0.0,-0.004910126
Kadan,Young,2,3,4.3,0,0,0,0,0,0.0,0.0,0,0,0,0.5,0.0,0.0,0.0,-0.0058885366
Seung-Soo,Park,15,3,4.3,0,0,0,0,0,0.0,0.0,0,0,0,0.5,0.0,0.0,0.0,-0.0058885366
Abdoullah,Ba,17,3,4.3,0,0,0,0,0,0.0,0.0,0,0,0,0.3,0.0,0.0,0.0,-0.0058885366
Tom,Heaton,14,1,3.8,0,0,0,0,0,0.0,0.0,0,0,0,0.6,0.0,0.0,0.0,-0.0060196095
Ármin,Pécsi,12,1,3.8,0,0,0,0,0,0.0,0.0,0,0,0,0.9,0.0,0.0,0.0,-0.0060196095
Nicolas,Jackson,7,4,6.5,0,0,0,0,0,0.0,0.0,0,0,0,0.1,0.0,0.0,0.0,-0.0076552103
Darwin,Núñez Ribeiro,12,4,6.5,0,0,0,0,0,0.0,0.0,0,0,0,0.1,0.0,0.0,0.0,-0.0076552103
Amara,Nallo,12,2,3.7,0,0,0,0,0,0.0,0.0,0,0,0,0.9,0.0,0.0,0.0,-0.008233134
Will,Dennis,4,1,4.0,0,0,0,0,0,0.0,0.0,0,0,0,0.7,0.0,0.0,0.0,-0.008575858
Tom,King,9,1,3.9,0,0,0,0,0,0.0,0.0,0,0,0,1.2,0.0,0.0,0.0,-0.008575858
Benjamin,Lecomte,10,1,3.9,0,0,0,0,0,0.0,0.0,0,0,0,0.7,0.0,0.0,0.0,-0.008575858
Sam,Proctor,2,1,3.9,0,0,0,0,0,0.0,0.0,0,0,0,0.6,0.0,0.0,0.0,-0.008575858
James,Wright,2,1,3.9,0,0,0,0,0,0.0,0.0,0,0,0,0.6,0.0,0.0,0.0,-0.008575858
Youssef,Ramalho Chermiti,9,4,4.9,0,0,0,0,0,0.0,0.0,0,0,0,0.1,0.0,0.0,0.0,-0.010355347
Alfie,Pond,20,2,3.9,0,0,0,0,0,0.0,0.0,0,0,0,0.9,0.0,0.0,0.0,-0.010789382
Rasmus,Højlund,14,4,6.3,0,0,0,0,0,0.0,0.0,0,0,0,0.3,0.0,0.0,0.0,-0.011371279
Álex,Moreno Lopera,2,2,4.0,0,0,0,0,0,0.0,0.0,0,0,0,1.5,0.0,0.0,0.0,-0.012061312
Patrick,Bamford,11,4,4.9,0,0,0,0,0,0.0,0.0,0,0,0,0.3,0.0,0.0,0.0,-0.014071415
Stefan,Bajčetić Maquieira,12,3,4.2,0,0,0,0,0,0.0,0.0,0,0,0,0.2,0.0,0.0,0.0,-0.015215726
Will,Wright,12,4,4.5,0,0,0,0,0,0.0,0.0,0,0,0,0.0,0.0,0.0,0.0,-0.015996289
James,Wilson,18,4,4.5,0,0,0,0,0,0.0,0.0,0,0,0,0.0,0.0,0.0,0.0,-0.015996289
Will,Lankshear,18,4,4.5,0,0,0,0,0,0.0,0.0,0,0,0,0.0,0.0,0.0,0.0,-0.015996289
Braiden,Graham,9,4,4.5,0,0,0,0,0,0.0,0.0,0,0,0,0.0,0.0,0.0,0.0,-0.015996289
Ben,Casey,8,4,4.5,0,0,0,0,0,0.0,0.0,0,0,0,0.0,0.0,0.0,0.0,-0.015996289
Lamin,Sillah,16,4,4.5,0,0,0,0,0,0.0,0.0,0,0,0,0.0,0.0,0.0,0.0,-0.015996289
Leon,Chiwome,20,4,4.4,0,0,0,0,0,0.0,0.0,0,0,0,0.0,0.0,0.0,0.0,-0.015996289
Evan,Ferguson,6,4,5.5,0,0,0,0,0,0.0,0.0,0,0,0,0.0,0.0,0.0,0.0,-0.017207116
Mateo,Joseph Fernández-Regatillo,11,4,5.0,0,0,0,0,0,0.0,0.0,0,0,0,0.0,0.0,0.0,0.0,-0.01990725
Zépiqueno,Redmond,2,4,4.5,0,0,0,0,0,0.0,0.0,0,0,0,0.3,0.0,0.0,0.0,-0.020885663
Zach,Marsh,8,4,4.4,0,0,0,0,0,0.0,0.0,0,0,0,0.3,0.0,0.0,0.0,-0.020885663
Iwan,Morgan,5,4,4.4,0,0,0,0,0,0.0,0.0,0,0,0,0.3,0.0,0.0,0.0,-0.020885663
Aaron,Ramsey,3,3,4.4,0,0,0,0,0,0.0,0.0,0,0,0,1.4,0.0,0.0,0.0,-0.025292335
Enso,González Medina,20,3,4.3,0,0,0,0,0,0.0,0.0,0,0,0,1.2,0.0,0.0,0.0,-0.025292335
Fábio,Soares Silva,20,4,4.9,0,0,0,0,0,0.0,0.0,0,0,0,0.2,0.0,0.0,0.0,-0.031391233
Ahmed,Abdullahi,17,4,4.2,0,0,0,0,0,0.0,0.0,0,0,0,0.4,0.0,0.0,0.0,-0.032991175
Chido,Obi,14,4,4.2,0,0,0,0,0,0.0,0.0,0,0,0,1.4,0.0,0.0,0.0,-0.12117764
